CustomerID,CustomerName,Segment,Region
CUST00001,Customer 1,Corporate,South
CUST00002,Customer 2,Consumer,East
CUST00003,Customer 3,SMB,West
CUST00004,Customer 4,Corporate,North
CUST00005,Customer 5,Consumer,North
CUST00006,Customer 6,SMB,South
CUST00007,Customer 7,Corporate,West
CUST00008,Customer 8,Corporate,East
CUST00009,Customer 9,Consumer,West
CUST00010,Customer 10,Consumer,South
CUST00011,Customer 11,Consumer,South
CUST00012,Customer 12,SMB,East
CUST00013,Customer 13,Corporate,South
CUST00014,Customer 14,SMB,West
CUST00015,Customer 15,Consumer,North
CUST00016,Customer 16,Consumer,South
CUST00017,Customer 17,Corporate,East
CUST00018,Customer 18,Consumer,South
CUST00019,Customer 19,SMB,East
CUST00020,Customer 20,Corporate,South
CUST00021,Customer 21,Corporate,Central
CUST00022,Customer 22,Consumer,West
CUST00023,Customer 23,SMB,West
CUST00024,Customer 24,SMB,East
CUST00025,Customer 25,Corporate,East
CUST00026,Customer 26,Consumer,East
CUST00027,Customer 27,Consumer,South
CUST00028,Customer 28,Consumer,South
CUST00029,Customer 29,Consumer,East
CUST00030,Customer 30,Corporate,North
CUST00031,Customer 31,Corporate,North
CUST00032,Customer 32,SMB,West
CUST00033,Customer 33,Consumer,North
CUST00034,Customer 34,Consumer,East
CUST00035,Customer 35,Consumer,East
CUST00036,Customer 36,Consumer,North
CUST00037,Customer 37,Consumer,Central
CUST00038,Customer 38,Consumer,North
CUST00039,Customer 39,Consumer,Central
CUST00040,Customer 40,Corporate,West
CUST00041,Customer 41,Consumer,South
CUST00042,Customer 42,SMB,North
CUST00043,Customer 43,Corporate,South
CUST00044,Customer 44,Consumer,South
CUST00045,Customer 45,SMB,South
CUST00046,Customer 46,SMB,Central
CUST00047,Customer 47,Consumer,South
CUST00048,Customer 48,Consumer,West
CUST00049,Customer 49,Corporate,North
CUST00050,Customer 50,Consumer,Central
CUST00051,Customer 51,Consumer,South
CUST00052,Customer 52,Consumer,South
CUST00053,Customer 53,Corporate,East
CUST00054,Customer 54,Corporate,North
CUST00055,Customer 55,Corporate,West
CUST00056,Customer 56,Corporate,South
CUST00057,Customer 57,Consumer,East
CUST00058,Customer 58,Corporate,East
CUST00059,Customer 59,Consumer,East
CUST00060,Customer 60,Consumer,North
CUST00061,Customer 61,Corporate,North
CUST00062,Customer 62,Consumer,North
CUST00063,Customer 63,Corporate,South
CUST00064,Customer 64,Corporate,North
CUST00065,Customer 65,Corporate,Central
CUST00066,Customer 66,Corporate,East
CUST00067,Customer 67,Corporate,East
CUST00068,Customer 68,Consumer,South
CUST00069,Customer 69,Consumer,South
CUST00070,Customer 70,Consumer,East
CUST00071,Customer 71,Consumer,South
CUST00072,Customer 72,Consumer,South
CUST00073,Customer 73,SMB,South
CUST00074,Customer 74,Consumer,East
CUST00075,Customer 75,Consumer,Central
CUST00076,Customer 76,Consumer,South
CUST00077,Customer 77,Consumer,South
CUST00078,Customer 78,Corporate,North
CUST00079,Customer 79,Corporate,South
CUST00080,Customer 80,Corporate,West
CUST00081,Customer 81,Corporate,North
CUST00082,Customer 82,Consumer,East
CUST00083,Customer 83,SMB,South
CUST00084,Customer 84,Consumer,North
CUST00085,Customer 85,Consumer,Central
CUST00086,Customer 86,Consumer,South
CUST00087,Customer 87,Corporate,West
CUST00088,Customer 88,Consumer,South
CUST00089,Customer 89,Consumer,Central
CUST00090,Customer 90,Consumer,South
CUST00091,Customer 91,Consumer,South
CUST00092,Customer 92,Corporate,West
CUST00093,Customer 93,Consumer,South
CUST00094,Customer 94,Consumer,South
CUST00095,Customer 95,Consumer,Central
CUST00096,Customer 96,Corporate,East
CUST00097,Customer 97,Consumer,West
CUST00098,Customer 98,Consumer,East
CUST00099,Customer 99,Consumer,West
CUST00100,Customer 100,SMB,West
CUST00101,Customer 101,SMB,East
CUST00102,Customer 102,Corporate,South
CUST00103,Customer 103,Consumer,North
CUST00104,Customer 104,SMB,East
CUST00105,Customer 105,Corporate,West
CUST00106,Customer 106,Corporate,South
CUST00107,Customer 107,Consumer,North
CUST00108,Customer 108,Consumer,South
CUST00109,Customer 109,Consumer,East
CUST00110,Customer 110,SMB,West
CUST00111,Customer 111,Consumer,North
CUST00112,Customer 112,Consumer,East
CUST00113,Customer 113,Consumer,West
CUST00114,Customer 114,Corporate,Central
CUST00115,Customer 115,Consumer,North
CUST00116,Customer 116,SMB,Central
CUST00117,Customer 117,Corporate,East
CUST00118,Customer 118,Corporate,West
CUST00119,Customer 119,Consumer,North
CUST00120,Customer 120,Corporate,East
CUST00121,Customer 121,Corporate,East
CUST00122,Customer 122,Corporate,South
CUST00123,Customer 123,Consumer,South
CUST00124,Customer 124,Consumer,East
CUST00125,Customer 125,Consumer,East
CUST00126,Customer 126,Consumer,North
CUST00127,Customer 127,Consumer,South
CUST00128,Customer 128,Consumer,South
CUST00129,Customer 129,Consumer,Central
CUST00130,Customer 130,Corporate,Central
CUST00131,Customer 131,Consumer,South
CUST00132,Customer 132,SMB,North
CUST00133,Customer 133,Corporate,South
CUST00134,Customer 134,Consumer,South
CUST00135,Customer 135,Corporate,West
CUST00136,Customer 136,Consumer,East
CUST00137,Customer 137,SMB,North
CUST00138,Customer 138,Consumer,North
CUST00139,Customer 139,Corporate,South
CUST00140,Customer 140,Consumer,West
CUST00141,Customer 141,Consumer,East
CUST00142,Customer 142,Consumer,East
CUST00143,Customer 143,SMB,South
CUST00144,Customer 144,Corporate,Central
CUST00145,Customer 145,Consumer,South
CUST00146,Customer 146,Consumer,West
CUST00147,Customer 147,Consumer,Central
CUST00148,Customer 148,Consumer,South
CUST00149,Customer 149,Consumer,Central
CUST00150,Customer 150,Consumer,South
CUST00151,Customer 151,SMB,East
CUST00152,Customer 152,SMB,North
CUST00153,Customer 153,Consumer,South
CUST00154,Customer 154,Corporate,South
CUST00155,Customer 155,Consumer,North
CUST00156,Customer 156,Corporate,North
CUST00157,Customer 157,Consumer,South
CUST00158,Customer 158,Corporate,East
CUST00159,Customer 159,Corporate,South
CUST00160,Customer 160,Corporate,South
CUST00161,Customer 161,Consumer,Central
CUST00162,Customer 162,SMB,Central
CUST00163,Customer 163,Consumer,North
CUST00164,Customer 164,Consumer,South
CUST00165,Customer 165,Corporate,East
CUST00166,Customer 166,Consumer,West
CUST00167,Customer 167,SMB,South
CUST00168,Customer 168,SMB,West
CUST00169,Customer 169,Consumer,North
CUST00170,Customer 170,SMB,South
CUST00171,Customer 171,Consumer,West
CUST00172,Customer 172,Consumer,East
CUST00173,Customer 173,Consumer,West
CUST00174,Customer 174,SMB,North
CUST00175,Customer 175,Consumer,North
CUST00176,Customer 176,Consumer,North
CUST00177,Customer 177,Consumer,North
CUST00178,Customer 178,SMB,North
CUST00179,Customer 179,SMB,East
CUST00180,Customer 180,Corporate,East
CUST00181,Customer 181,SMB,East
CUST00182,Customer 182,SMB,South
CUST00183,Customer 183,Consumer,North
CUST00184,Customer 184,Consumer,East
CUST00185,Customer 185,Corporate,North
CUST00186,Customer 186,Corporate,West
CUST00187,Customer 187,Consumer,North
CUST00188,Customer 188,Consumer,East
CUST00189,Customer 189,Corporate,Central
CUST00190,Customer 190,Consumer,East
CUST00191,Customer 191,SMB,East
CUST00192,Customer 192,Consumer,West
CUST00193,Customer 193,Consumer,North
CUST00194,Customer 194,SMB,East
CUST00195,Customer 195,Consumer,Central
CUST00196,Customer 196,Consumer,Central
CUST00197,Customer 197,Corporate,South
CUST00198,Customer 198,SMB,South
CUST00199,Customer 199,Consumer,West
CUST00200,Customer 200,Consumer,East
CUST00201,Customer 201,Corporate,South
CUST00202,Customer 202,SMB,North
CUST00203,Customer 203,Consumer,North
CUST00204,Customer 204,Consumer,South
CUST00205,Customer 205,Consumer,North
CUST00206,Customer 206,Consumer,North
CUST00207,Customer 207,Consumer,North
CUST00208,Customer 208,Corporate,Central
CUST00209,Customer 209,Consumer,North
CUST00210,Customer 210,Consumer,North
CUST00211,Customer 211,Corporate,South
CUST00212,Customer 212,Corporate,South
CUST00213,Customer 213,Consumer,Central
CUST00214,Customer 214,SMB,Central
CUST00215,Customer 215,Corporate,South
CUST00216,Customer 216,Corporate,South
CUST00217,Customer 217,Consumer,South
CUST00218,Customer 218,Consumer,North
CUST00219,Customer 219,SMB,South
CUST00220,Customer 220,Consumer,North
CUST00221,Customer 221,Consumer,North
CUST00222,Customer 222,Consumer,East
CUST00223,Customer 223,Corporate,North
CUST00224,Customer 224,SMB,North
CUST00225,Customer 225,Consumer,South
CUST00226,Customer 226,SMB,South
CUST00227,Customer 227,Consumer,North
CUST00228,Customer 228,Corporate,North
CUST00229,Customer 229,Corporate,North
CUST00230,Customer 230,Consumer,South
CUST00231,Customer 231,Consumer,West
CUST00232,Customer 232,Consumer,Central
CUST00233,Customer 233,SMB,South
CUST00234,Customer 234,Corporate,South
CUST00235,Customer 235,SMB,West
CUST00236,Customer 236,SMB,East
CUST00237,Customer 237,Consumer,North
CUST00238,Customer 238,Corporate,North
CUST00239,Customer 239,Consumer,South
CUST00240,Customer 240,Consumer,East
CUST00241,Customer 241,SMB,North
CUST00242,Customer 242,Corporate,South
CUST00243,Customer 243,Consumer,South
CUST00244,Customer 244,Consumer,South
CUST00245,Customer 245,Corporate,South
CUST00246,Customer 246,SMB,East
CUST00247,Customer 247,Corporate,East
CUST00248,Customer 248,Consumer,South
CUST00249,Customer 249,Consumer,North
CUST00250,Customer 250,Consumer,West
CUST00251,Customer 251,Corporate,South
CUST00252,Customer 252,SMB,North
CUST00253,Customer 253,Consumer,South
CUST00254,Customer 254,Consumer,West
CUST00255,Customer 255,Consumer,West
CUST00256,Customer 256,Corporate,West
CUST00257,Customer 257,SMB,East
CUST00258,Customer 258,Consumer,South
CUST00259,Customer 259,Consumer,South
CUST00260,Customer 260,Corporate,North
CUST00261,Customer 261,Consumer,East
CUST00262,Customer 262,SMB,East
CUST00263,Customer 263,Consumer,North
CUST00264,Customer 264,Consumer,Central
CUST00265,Customer 265,SMB,South
CUST00266,Customer 266,Consumer,North
CUST00267,Customer 267,Consumer,South
CUST00268,Customer 268,Consumer,West
CUST00269,Customer 269,Consumer,Central
CUST00270,Customer 270,Consumer,South
CUST00271,Customer 271,Consumer,Central
CUST00272,Customer 272,Consumer,West
CUST00273,Customer 273,Consumer,West
CUST00274,Customer 274,Corporate,West
CUST00275,Customer 275,Corporate,South
CUST00276,Customer 276,Consumer,West
CUST00277,Customer 277,Consumer,East
CUST00278,Customer 278,Consumer,West
CUST00279,Customer 279,SMB,North
CUST00280,Customer 280,SMB,West
CUST00281,Customer 281,Consumer,Central
CUST00282,Customer 282,Consumer,South
CUST00283,Customer 283,Consumer,Central
CUST00284,Customer 284,Consumer,South
CUST00285,Customer 285,Corporate,North
CUST00286,Customer 286,Consumer,North
CUST00287,Customer 287,Consumer,West
CUST00288,Customer 288,Consumer,East
CUST00289,Customer 289,Consumer,South
CUST00290,Customer 290,Consumer,East
CUST00291,Customer 291,SMB,South
CUST00292,Customer 292,Consumer,South
CUST00293,Customer 293,SMB,West
CUST00294,Customer 294,Consumer,East
CUST00295,Customer 295,SMB,West
CUST00296,Customer 296,SMB,East
CUST00297,Customer 297,SMB,Central
CUST00298,Customer 298,SMB,South
CUST00299,Customer 299,Corporate,South
CUST00300,Customer 300,Corporate,North
CUST00301,Customer 301,Corporate,East
CUST00302,Customer 302,Consumer,East
CUST00303,Customer 303,Consumer,West
CUST00304,Customer 304,Consumer,South
CUST00305,Customer 305,SMB,North
CUST00306,Customer 306,Consumer,East
CUST00307,Customer 307,Consumer,Central
CUST00308,Customer 308,Corporate,South
CUST00309,Customer 309,Consumer,North
CUST00310,Customer 310,Consumer,South
CUST00311,Customer 311,Consumer,South
CUST00312,Customer 312,Consumer,South
CUST00313,Customer 313,Consumer,South
CUST00314,Customer 314,Consumer,East
CUST00315,Customer 315,Consumer,South
CUST00316,Customer 316,Consumer,South
CUST00317,Customer 317,Consumer,North
CUST00318,Customer 318,Corporate,Central
CUST00319,Customer 319,Consumer,South
CUST00320,Customer 320,SMB,South
CUST00321,Customer 321,SMB,North
CUST00322,Customer 322,Consumer,East
CUST00323,Customer 323,Consumer,West
CUST00324,Customer 324,Consumer,North
CUST00325,Customer 325,SMB,North
CUST00326,Customer 326,Corporate,North
CUST00327,Customer 327,SMB,East
CUST00328,Customer 328,Consumer,Central
CUST00329,Customer 329,Corporate,South
CUST00330,Customer 330,Consumer,South
CUST00331,Customer 331,Corporate,West
CUST00332,Customer 332,Consumer,West
CUST00333,Customer 333,Corporate,South
CUST00334,Customer 334,SMB,North
CUST00335,Customer 335,Consumer,South
CUST00336,Customer 336,Corporate,West
CUST00337,Customer 337,Consumer,West
CUST00338,Customer 338,Corporate,East
CUST00339,Customer 339,Consumer,West
CUST00340,Customer 340,SMB,South
CUST00341,Customer 341,Consumer,South
CUST00342,Customer 342,SMB,North
CUST00343,Customer 343,SMB,West
CUST00344,Customer 344,Corporate,East
CUST00345,Customer 345,Corporate,South
CUST00346,Customer 346,Corporate,North
CUST00347,Customer 347,SMB,West
CUST00348,Customer 348,Consumer,West
CUST00349,Customer 349,Corporate,East
CUST00350,Customer 350,Consumer,South
CUST00351,Customer 351,Corporate,Central
CUST00352,Customer 352,Consumer,West
CUST00353,Customer 353,Corporate,East
CUST00354,Customer 354,Corporate,East
CUST00355,Customer 355,Consumer,Central
CUST00356,Customer 356,Consumer,Central
CUST00357,Customer 357,Corporate,East
CUST00358,Customer 358,Corporate,South
CUST00359,Customer 359,Consumer,South
CUST00360,Customer 360,Corporate,West
CUST00361,Customer 361,SMB,East
CUST00362,Customer 362,Consumer,North
CUST00363,Customer 363,Consumer,North
CUST00364,Customer 364,Consumer,Central
CUST00365,Customer 365,Corporate,Central
CUST00366,Customer 366,Consumer,Central
CUST00367,Customer 367,Corporate,South
CUST00368,Customer 368,Corporate,West
CUST00369,Customer 369,Consumer,West
CUST00370,Customer 370,SMB,South
CUST00371,Customer 371,Corporate,North
CUST00372,Customer 372,Consumer,Central
CUST00373,Customer 373,Consumer,North
CUST00374,Customer 374,Consumer,East
CUST00375,Customer 375,Consumer,East
CUST00376,Customer 376,Consumer,West
CUST00377,Customer 377,SMB,South
CUST00378,Customer 378,Consumer,West
CUST00379,Customer 379,Consumer,South
CUST00380,Customer 380,Corporate,West
CUST00381,Customer 381,Corporate,South
CUST00382,Customer 382,SMB,West
CUST00383,Customer 383,Corporate,West
CUST00384,Customer 384,Consumer,North
CUST00385,Customer 385,Consumer,South
CUST00386,Customer 386,SMB,West
CUST00387,Customer 387,Corporate,North
CUST00388,Customer 388,SMB,North
CUST00389,Customer 389,Consumer,South
CUST00390,Customer 390,SMB,Central
CUST00391,Customer 391,Corporate,East
CUST00392,Customer 392,Consumer,South
CUST00393,Customer 393,Corporate,Central
CUST00394,Customer 394,Corporate,South
CUST00395,Customer 395,Consumer,South
CUST00396,Customer 396,Consumer,South
CUST00397,Customer 397,SMB,South
CUST00398,Customer 398,Consumer,South
CUST00399,Customer 399,Consumer,West
CUST00400,Customer 400,Consumer,North
CUST00401,Customer 401,Consumer,West
CUST00402,Customer 402,SMB,South
CUST00403,Customer 403,Corporate,South
CUST00404,Customer 404,Consumer,North
CUST00405,Customer 405,SMB,East
CUST00406,Customer 406,SMB,West
CUST00407,Customer 407,Consumer,South
CUST00408,Customer 408,SMB,North
CUST00409,Customer 409,Consumer,South
CUST00410,Customer 410,SMB,West
CUST00411,Customer 411,Corporate,South
CUST00412,Customer 412,Corporate,West
CUST00413,Customer 413,Consumer,South
CUST00414,Customer 414,SMB,North
CUST00415,Customer 415,Consumer,West
CUST00416,Customer 416,Consumer,South
CUST00417,Customer 417,Consumer,North
CUST00418,Customer 418,Corporate,Central
CUST00419,Customer 419,Consumer,North
CUST00420,Customer 420,SMB,South
CUST00421,Customer 421,Corporate,South
CUST00422,Customer 422,Consumer,South
CUST00423,Customer 423,Consumer,West
CUST00424,Customer 424,Consumer,North
CUST00425,Customer 425,Corporate,Central
CUST00426,Customer 426,SMB,East
CUST00427,Customer 427,Consumer,Central
CUST00428,Customer 428,SMB,West
CUST00429,Customer 429,Consumer,Central
CUST00430,Customer 430,SMB,East
CUST00431,Customer 431,SMB,South
CUST00432,Customer 432,Corporate,South
CUST00433,Customer 433,Corporate,East
CUST00434,Customer 434,SMB,South
CUST00435,Customer 435,Consumer,West
CUST00436,Customer 436,Consumer,North
CUST00437,Customer 437,Consumer,West
CUST00438,Customer 438,Consumer,South
CUST00439,Customer 439,Corporate,Central
CUST00440,Customer 440,Corporate,North
CUST00441,Customer 441,SMB,North
CUST00442,Customer 442,Consumer,West
CUST00443,Customer 443,Corporate,West
CUST00444,Customer 444,Consumer,West
CUST00445,Customer 445,Consumer,Central
CUST00446,Customer 446,Corporate,South
CUST00447,Customer 447,SMB,West
CUST00448,Customer 448,Corporate,South
CUST00449,Customer 449,Consumer,East
CUST00450,Customer 450,Corporate,South
CUST00451,Customer 451,Consumer,North
CUST00452,Customer 452,SMB,East
CUST00453,Customer 453,Corporate,West
CUST00454,Customer 454,Consumer,North
CUST00455,Customer 455,Consumer,Central
CUST00456,Customer 456,Consumer,East
CUST00457,Customer 457,SMB,North
CUST00458,Customer 458,Consumer,East
CUST00459,Customer 459,Corporate,North
CUST00460,Customer 460,Corporate,North
CUST00461,Customer 461,Corporate,West
CUST00462,Customer 462,Consumer,North
CUST00463,Customer 463,SMB,North
CUST00464,Customer 464,Consumer,West
CUST00465,Customer 465,Corporate,North
CUST00466,Customer 466,Corporate,West
CUST00467,Customer 467,Corporate,West
CUST00468,Customer 468,SMB,North
CUST00469,Customer 469,Consumer,East
CUST00470,Customer 470,Consumer,North
CUST00471,Customer 471,Consumer,East
CUST00472,Customer 472,Consumer,North
CUST00473,Customer 473,Consumer,Central
CUST00474,Customer 474,Consumer,South
CUST00475,Customer 475,Consumer,West
CUST00476,Customer 476,Consumer,North
CUST00477,Customer 477,Consumer,South
CUST00478,Customer 478,Corporate,South
CUST00479,Customer 479,Corporate,East
CUST00480,Customer 480,Consumer,Central
CUST00481,Customer 481,Consumer,North
CUST00482,Customer 482,Consumer,North
CUST00483,Customer 483,Corporate,South
CUST00484,Customer 484,Consumer,South
CUST00485,Customer 485,Consumer,Central
CUST00486,Customer 486,Consumer,Central
CUST00487,Customer 487,Consumer,Central
CUST00488,Customer 488,Consumer,North
CUST00489,Customer 489,Corporate,South
CUST00490,Customer 490,Corporate,West
CUST00491,Customer 491,Corporate,South
CUST00492,Customer 492,Corporate,East
CUST00493,Customer 493,Corporate,South
CUST00494,Customer 494,Consumer,South
CUST00495,Customer 495,Corporate,West
CUST00496,Customer 496,Consumer,South
CUST00497,Customer 497,Consumer,Central
CUST00498,Customer 498,Corporate,South
CUST00499,Customer 499,Consumer,North
CUST00500,Customer 500,Consumer,South
CUST00501,Customer 501,Corporate,North
CUST00502,Customer 502,SMB,East
CUST00503,Customer 503,SMB,North
CUST00504,Customer 504,Consumer,East
CUST00505,Customer 505,Consumer,West
CUST00506,Customer 506,Corporate,South
CUST00507,Customer 507,Consumer,North
CUST00508,Customer 508,SMB,South
CUST00509,Customer 509,Consumer,West
CUST00510,Customer 510,Consumer,East
CUST00511,Customer 511,Consumer,North
CUST00512,Customer 512,SMB,East
CUST00513,Customer 513,Consumer,South
CUST00514,Customer 514,Consumer,South
CUST00515,Customer 515,Consumer,North
CUST00516,Customer 516,Consumer,Central
CUST00517,Customer 517,Consumer,North
CUST00518,Customer 518,Corporate,North
CUST00519,Customer 519,Consumer,North
CUST00520,Customer 520,SMB,East
CUST00521,Customer 521,SMB,South
CUST00522,Customer 522,Consumer,South
CUST00523,Customer 523,Consumer,South
CUST00524,Customer 524,Corporate,East
CUST00525,Customer 525,Consumer,South
CUST00526,Customer 526,Consumer,Central
CUST00527,Customer 527,SMB,South
CUST00528,Customer 528,SMB,North
CUST00529,Customer 529,Corporate,Central
CUST00530,Customer 530,Consumer,West
CUST00531,Customer 531,Corporate,South
CUST00532,Customer 532,Corporate,West
CUST00533,Customer 533,Consumer,East
CUST00534,Customer 534,Corporate,South
CUST00535,Customer 535,Consumer,West
CUST00536,Customer 536,Consumer,West
CUST00537,Customer 537,Consumer,South
CUST00538,Customer 538,Consumer,East
CUST00539,Customer 539,Consumer,South
CUST00540,Customer 540,SMB,North
CUST00541,Customer 541,SMB,Central
CUST00542,Customer 542,Corporate,East
CUST00543,Customer 543,SMB,East
CUST00544,Customer 544,SMB,East
CUST00545,Customer 545,Consumer,East
CUST00546,Customer 546,Consumer,South
CUST00547,Customer 547,Consumer,Central
CUST00548,Customer 548,Consumer,East
CUST00549,Customer 549,Corporate,East
CUST00550,Customer 550,Consumer,South
CUST00551,Customer 551,Consumer,South
CUST00552,Customer 552,Consumer,North
CUST00553,Customer 553,Consumer,South
CUST00554,Customer 554,SMB,North
CUST00555,Customer 555,Consumer,East
CUST00556,Customer 556,Consumer,West
CUST00557,Customer 557,Consumer,South
CUST00558,Customer 558,Consumer,South
CUST00559,Customer 559,Corporate,East
CUST00560,Customer 560,Consumer,North
CUST00561,Customer 561,Consumer,Central
CUST00562,Customer 562,Consumer,South
CUST00563,Customer 563,SMB,North
CUST00564,Customer 564,Corporate,North
CUST00565,Customer 565,Corporate,Central
CUST00566,Customer 566,Corporate,South
CUST00567,Customer 567,Corporate,East
CUST00568,Customer 568,Consumer,North
CUST00569,Customer 569,Consumer,North
CUST00570,Customer 570,Consumer,West
CUST00571,Customer 571,Consumer,North
CUST00572,Customer 572,SMB,North
CUST00573,Customer 573,Consumer,East
CUST00574,Customer 574,Corporate,West
CUST00575,Customer 575,SMB,South
CUST00576,Customer 576,Consumer,North
CUST00577,Customer 577,SMB,Central
CUST00578,Customer 578,Corporate,East
CUST00579,Customer 579,SMB,West
CUST00580,Customer 580,Consumer,West
CUST00581,Customer 581,Consumer,West
CUST00582,Customer 582,Consumer,South
CUST00583,Customer 583,Consumer,South
CUST00584,Customer 584,Consumer,West
CUST00585,Customer 585,SMB,West
CUST00586,Customer 586,Corporate,Central
CUST00587,Customer 587,Consumer,East
CUST00588,Customer 588,Consumer,South
CUST00589,Customer 589,Consumer,South
CUST00590,Customer 590,Consumer,East
CUST00591,Customer 591,SMB,South
CUST00592,Customer 592,Consumer,West
CUST00593,Customer 593,Consumer,East
CUST00594,Customer 594,Corporate,North
CUST00595,Customer 595,Consumer,East
CUST00596,Customer 596,Consumer,East
CUST00597,Customer 597,Corporate,Central
CUST00598,Customer 598,Corporate,South
CUST00599,Customer 599,SMB,East
CUST00600,Customer 600,Corporate,South
CUST00601,Customer 601,Consumer,East
CUST00602,Customer 602,Corporate,North
CUST00603,Customer 603,SMB,Central
CUST00604,Customer 604,Corporate,Central
CUST00605,Customer 605,SMB,East
CUST00606,Customer 606,Corporate,East
CUST00607,Customer 607,SMB,North
CUST00608,Customer 608,Consumer,East
CUST00609,Customer 609,Corporate,South
CUST00610,Customer 610,Consumer,West
CUST00611,Customer 611,Corporate,North
CUST00612,Customer 612,Corporate,West
CUST00613,Customer 613,SMB,South
CUST00614,Customer 614,SMB,East
CUST00615,Customer 615,Consumer,East
CUST00616,Customer 616,Corporate,South
CUST00617,Customer 617,Corporate,South
CUST00618,Customer 618,Consumer,West
CUST00619,Customer 619,Consumer,East
CUST00620,Customer 620,Consumer,North
CUST00621,Customer 621,Corporate,South
CUST00622,Customer 622,Consumer,South
CUST00623,Customer 623,SMB,East
CUST00624,Customer 624,Consumer,East
CUST00625,Customer 625,SMB,North
CUST00626,Customer 626,Consumer,East
CUST00627,Customer 627,Corporate,West
CUST00628,Customer 628,Consumer,West
CUST00629,Customer 629,Corporate,North
CUST00630,Customer 630,SMB,South
CUST00631,Customer 631,SMB,South
CUST00632,Customer 632,SMB,North
CUST00633,Customer 633,Consumer,South
CUST00634,Customer 634,Consumer,North
CUST00635,Customer 635,Consumer,North
CUST00636,Customer 636,Consumer,East
CUST00637,Customer 637,Corporate,South
CUST00638,Customer 638,Corporate,West
CUST00639,Customer 639,Corporate,North
CUST00640,Customer 640,SMB,East
CUST00641,Customer 641,Corporate,South
CUST00642,Customer 642,SMB,West
CUST00643,Customer 643,Consumer,West
CUST00644,Customer 644,Consumer,South
CUST00645,Customer 645,Corporate,East
CUST00646,Customer 646,SMB,South
CUST00647,Customer 647,Consumer,East
CUST00648,Customer 648,Consumer,North
CUST00649,Customer 649,Corporate,South
CUST00650,Customer 650,Consumer,North
CUST00651,Customer 651,Consumer,Central
CUST00652,Customer 652,SMB,South
CUST00653,Customer 653,Corporate,East
CUST00654,Customer 654,Consumer,South
CUST00655,Customer 655,SMB,South
CUST00656,Customer 656,Consumer,South
CUST00657,Customer 657,SMB,Central
CUST00658,Customer 658,Consumer,West
CUST00659,Customer 659,Corporate,North
CUST00660,Customer 660,Consumer,West
CUST00661,Customer 661,Consumer,South
CUST00662,Customer 662,SMB,North
CUST00663,Customer 663,Consumer,East
CUST00664,Customer 664,Consumer,North
CUST00665,Customer 665,Consumer,South
CUST00666,Customer 666,Corporate,West
CUST00667,Customer 667,SMB,South
CUST00668,Customer 668,SMB,Central
CUST00669,Customer 669,Consumer,East
CUST00670,Customer 670,Consumer,West
CUST00671,Customer 671,Consumer,East
CUST00672,Customer 672,Corporate,West
CUST00673,Customer 673,SMB,South
CUST00674,Customer 674,Corporate,East
CUST00675,Customer 675,Corporate,East
CUST00676,Customer 676,Consumer,Central
CUST00677,Customer 677,SMB,North
CUST00678,Customer 678,Consumer,East
CUST00679,Customer 679,Consumer,West
CUST00680,Customer 680,Consumer,South
CUST00681,Customer 681,Consumer,West
CUST00682,Customer 682,Consumer,South
CUST00683,Customer 683,Consumer,North
CUST00684,Customer 684,Consumer,East
CUST00685,Customer 685,Corporate,South
CUST00686,Customer 686,Consumer,North
CUST00687,Customer 687,Consumer,North
CUST00688,Customer 688,SMB,North
CUST00689,Customer 689,Corporate,West
CUST00690,Customer 690,Consumer,Central
CUST00691,Customer 691,Consumer,East
CUST00692,Customer 692,SMB,North
CUST00693,Customer 693,Consumer,East
CUST00694,Customer 694,Consumer,West
CUST00695,Customer 695,SMB,West
CUST00696,Customer 696,Consumer,South
CUST00697,Customer 697,Corporate,North
CUST00698,Customer 698,Corporate,Central
CUST00699,Customer 699,Corporate,West
CUST00700,Customer 700,Consumer,North
CUST00701,Customer 701,Consumer,West
CUST00702,Customer 702,Consumer,North
CUST00703,Customer 703,Consumer,North
CUST00704,Customer 704,SMB,West
CUST00705,Customer 705,Consumer,East
CUST00706,Customer 706,Corporate,South
CUST00707,Customer 707,Corporate,Central
CUST00708,Customer 708,Corporate,West
CUST00709,Customer 709,Consumer,North
CUST00710,Customer 710,Consumer,East
CUST00711,Customer 711,SMB,West
CUST00712,Customer 712,Corporate,East
CUST00713,Customer 713,SMB,Central
CUST00714,Customer 714,SMB,West
CUST00715,Customer 715,Corporate,North
CUST00716,Customer 716,Consumer,North
CUST00717,Customer 717,Corporate,West
CUST00718,Customer 718,Consumer,Central
CUST00719,Customer 719,Corporate,North
CUST00720,Customer 720,SMB,North
CUST00721,Customer 721,Consumer,West
CUST00722,Customer 722,Consumer,North
CUST00723,Customer 723,Consumer,North
CUST00724,Customer 724,SMB,Central
CUST00725,Customer 725,Consumer,West
CUST00726,Customer 726,Consumer,Central
CUST00727,Customer 727,Consumer,East
CUST00728,Customer 728,Consumer,South
CUST00729,Customer 729,Consumer,Central
CUST00730,Customer 730,Consumer,South
CUST00731,Customer 731,Consumer,South
CUST00732,Customer 732,Consumer,Central
CUST00733,Customer 733,Consumer,West
CUST00734,Customer 734,Consumer,Central
CUST00735,Customer 735,Consumer,North
CUST00736,Customer 736,Corporate,Central
CUST00737,Customer 737,Consumer,East
CUST00738,Customer 738,Consumer,East
CUST00739,Customer 739,Consumer,Central
CUST00740,Customer 740,Consumer,South
CUST00741,Customer 741,Consumer,West
CUST00742,Customer 742,Consumer,East
CUST00743,Customer 743,SMB,West
CUST00744,Customer 744,Consumer,Central
CUST00745,Customer 745,Consumer,West
CUST00746,Customer 746,Consumer,North
CUST00747,Customer 747,Consumer,North
CUST00748,Customer 748,Consumer,Central
CUST00749,Customer 749,Corporate,Central
CUST00750,Customer 750,SMB,Central
CUST00751,Customer 751,Consumer,North
CUST00752,Customer 752,Consumer,South
CUST00753,Customer 753,Consumer,West
CUST00754,Customer 754,Consumer,West
CUST00755,Customer 755,Corporate,North
CUST00756,Customer 756,Consumer,East
CUST00757,Customer 757,Consumer,North
CUST00758,Customer 758,SMB,South
CUST00759,Customer 759,Consumer,South
CUST00760,Customer 760,Consumer,North
CUST00761,Customer 761,Corporate,North
CUST00762,Customer 762,Consumer,Central
CUST00763,Customer 763,Consumer,West
CUST00764,Customer 764,Consumer,Central
CUST00765,Customer 765,SMB,South
CUST00766,Customer 766,Consumer,South
CUST00767,Customer 767,Consumer,South
CUST00768,Customer 768,Consumer,East
CUST00769,Customer 769,Consumer,South
CUST00770,Customer 770,Corporate,West
CUST00771,Customer 771,Consumer,West
CUST00772,Customer 772,Corporate,West
CUST00773,Customer 773,Corporate,South
CUST00774,Customer 774,SMB,East
CUST00775,Customer 775,Consumer,South
CUST00776,Customer 776,SMB,North
CUST00777,Customer 777,Corporate,West
CUST00778,Customer 778,Consumer,East
CUST00779,Customer 779,Corporate,West
CUST00780,Customer 780,SMB,North
CUST00781,Customer 781,Consumer,Central
CUST00782,Customer 782,SMB,Central
CUST00783,Customer 783,Consumer,South
CUST00784,Customer 784,Corporate,West
CUST00785,Customer 785,SMB,South
CUST00786,Customer 786,Consumer,West
CUST00787,Customer 787,SMB,West
CUST00788,Customer 788,Consumer,West
CUST00789,Customer 789,Corporate,West
CUST00790,Customer 790,Corporate,South
CUST00791,Customer 791,Consumer,West
CUST00792,Customer 792,Consumer,West
CUST00793,Customer 793,Consumer,North
CUST00794,Customer 794,Consumer,North
CUST00795,Customer 795,Consumer,West
CUST00796,Customer 796,Consumer,East
CUST00797,Customer 797,Consumer,East
CUST00798,Customer 798,Consumer,Central
CUST00799,Customer 799,Corporate,East
CUST00800,Customer 800,Corporate,South
CUST00801,Customer 801,Corporate,South
CUST00802,Customer 802,Consumer,East
CUST00803,Customer 803,SMB,West
CUST00804,Customer 804,Corporate,East
CUST00805,Customer 805,Consumer,East
CUST00806,Customer 806,Consumer,West
CUST00807,Customer 807,Corporate,West
CUST00808,Customer 808,Consumer,West
CUST00809,Customer 809,Consumer,North
CUST00810,Customer 810,SMB,West
CUST00811,Customer 811,Consumer,East
CUST00812,Customer 812,Consumer,North
CUST00813,Customer 813,SMB,East
CUST00814,Customer 814,Corporate,West
CUST00815,Customer 815,Consumer,East
CUST00816,Customer 816,SMB,West
CUST00817,Customer 817,SMB,South
CUST00818,Customer 818,Consumer,South
CUST00819,Customer 819,Corporate,South
CUST00820,Customer 820,Consumer,South
CUST00821,Customer 821,Consumer,West
CUST00822,Customer 822,Corporate,West
CUST00823,Customer 823,Consumer,West
CUST00824,Customer 824,Corporate,North
CUST00825,Customer 825,SMB,South
CUST00826,Customer 826,Consumer,North
CUST00827,Customer 827,Corporate,West
CUST00828,Customer 828,Consumer,South
CUST00829,Customer 829,SMB,East
CUST00830,Customer 830,Consumer,West
CUST00831,Customer 831,Corporate,East
CUST00832,Customer 832,Corporate,South
CUST00833,Customer 833,Consumer,South
CUST00834,Customer 834,Corporate,East
CUST00835,Customer 835,Corporate,East
CUST00836,Customer 836,Corporate,North
CUST00837,Customer 837,Corporate,West
CUST00838,Customer 838,SMB,East
CUST00839,Customer 839,Consumer,South
CUST00840,Customer 840,Consumer,North
CUST00841,Customer 841,Consumer,South
CUST00842,Customer 842,Corporate,South
CUST00843,Customer 843,Consumer,South
CUST00844,Customer 844,Consumer,East
CUST00845,Customer 845,Consumer,South
CUST00846,Customer 846,SMB,Central
CUST00847,Customer 847,Consumer,Central
CUST00848,Customer 848,Corporate,South
CUST00849,Customer 849,Consumer,North
CUST00850,Customer 850,SMB,West
CUST00851,Customer 851,Consumer,Central
CUST00852,Customer 852,Consumer,West
CUST00853,Customer 853,SMB,North
CUST00854,Customer 854,SMB,South
CUST00855,Customer 855,Consumer,North
CUST00856,Customer 856,Consumer,West
CUST00857,Customer 857,Corporate,East
CUST00858,Customer 858,SMB,East
CUST00859,Customer 859,Consumer,East
CUST00860,Customer 860,Consumer,South
CUST00861,Customer 861,Corporate,East
CUST00862,Customer 862,Corporate,North
CUST00863,Customer 863,Corporate,East
CUST00864,Customer 864,Corporate,West
CUST00865,Customer 865,Consumer,East
CUST00866,Customer 866,SMB,South
CUST00867,Customer 867,SMB,West
CUST00868,Customer 868,Corporate,West
CUST00869,Customer 869,Consumer,North
CUST00870,Customer 870,Consumer,North
CUST00871,Customer 871,Corporate,East
CUST00872,Customer 872,Consumer,South
CUST00873,Customer 873,SMB,North
CUST00874,Customer 874,Consumer,North
CUST00875,Customer 875,Corporate,North
CUST00876,Customer 876,SMB,South
CUST00877,Customer 877,Consumer,East
CUST00878,Customer 878,Consumer,North
CUST00879,Customer 879,Corporate,West
CUST00880,Customer 880,Corporate,South
CUST00881,Customer 881,Consumer,South
CUST00882,Customer 882,Corporate,South
CUST00883,Customer 883,SMB,West
CUST00884,Customer 884,Consumer,Central
CUST00885,Customer 885,Consumer,South
CUST00886,Customer 886,Consumer,North
CUST00887,Customer 887,Consumer,South
CUST00888,Customer 888,Consumer,North
CUST00889,Customer 889,Consumer,West
CUST00890,Customer 890,Corporate,North
CUST00891,Customer 891,Consumer,Central
CUST00892,Customer 892,SMB,East
CUST00893,Customer 893,Consumer,East
CUST00894,Customer 894,Consumer,West
CUST00895,Customer 895,Corporate,North
CUST00896,Customer 896,SMB,West
CUST00897,Customer 897,Consumer,North
CUST00898,Customer 898,Consumer,West
CUST00899,Customer 899,Consumer,East
CUST00900,Customer 900,Consumer,North
CUST00901,Customer 901,Consumer,West
CUST00902,Customer 902,Consumer,North
CUST00903,Customer 903,Consumer,North
CUST00904,Customer 904,Consumer,West
CUST00905,Customer 905,SMB,South
CUST00906,Customer 906,Corporate,Central
CUST00907,Customer 907,Consumer,East
CUST00908,Customer 908,Consumer,East
CUST00909,Customer 909,Consumer,South
CUST00910,Customer 910,Consumer,North
CUST00911,Customer 911,Corporate,Central
CUST00912,Customer 912,SMB,North
CUST00913,Customer 913,SMB,East
CUST00914,Customer 914,SMB,South
CUST00915,Customer 915,SMB,South
CUST00916,Customer 916,SMB,East
CUST00917,Customer 917,Consumer,West
CUST00918,Customer 918,Consumer,West
CUST00919,Customer 919,Consumer,West
CUST00920,Customer 920,Corporate,South
CUST00921,Customer 921,Consumer,South
CUST00922,Customer 922,SMB,North
CUST00923,Customer 923,Corporate,West
CUST00924,Customer 924,Consumer,South
CUST00925,Customer 925,Consumer,East
CUST00926,Customer 926,Consumer,North
CUST00927,Customer 927,Consumer,West
CUST00928,Customer 928,SMB,West
CUST00929,Customer 929,Corporate,West
CUST00930,Customer 930,Corporate,North
CUST00931,Customer 931,Consumer,Central
CUST00932,Customer 932,Consumer,South
CUST00933,Customer 933,Consumer,South
CUST00934,Customer 934,Corporate,South
CUST00935,Customer 935,Corporate,South
CUST00936,Customer 936,Consumer,East
CUST00937,Customer 937,SMB,South
CUST00938,Customer 938,Consumer,South
CUST00939,Customer 939,SMB,East
CUST00940,Customer 940,Consumer,West
CUST00941,Customer 941,Consumer,West
CUST00942,Customer 942,SMB,East
CUST00943,Customer 943,Consumer,North
CUST00944,Customer 944,Consumer,West
CUST00945,Customer 945,Consumer,North
CUST00946,Customer 946,Consumer,South
CUST00947,Customer 947,Corporate,North
CUST00948,Customer 948,SMB,East
CUST00949,Customer 949,SMB,South
CUST00950,Customer 950,Consumer,East
CUST00951,Customer 951,Consumer,South
CUST00952,Customer 952,Consumer,South
CUST00953,Customer 953,Consumer,South
CUST00954,Customer 954,Consumer,North
CUST00955,Customer 955,SMB,South
CUST00956,Customer 956,SMB,East
CUST00957,Customer 957,Corporate,East
CUST00958,Customer 958,Consumer,North
CUST00959,Customer 959,Consumer,East
CUST00960,Customer 960,Consumer,South
CUST00961,Customer 961,Consumer,North
CUST00962,Customer 962,Consumer,North
CUST00963,Customer 963,Consumer,South
CUST00964,Customer 964,Consumer,South
CUST00965,Customer 965,SMB,West
CUST00966,Customer 966,Consumer,South
CUST00967,Customer 967,SMB,West
CUST00968,Customer 968,Consumer,South
CUST00969,Customer 969,Corporate,East
CUST00970,Customer 970,Consumer,West
CUST00971,Customer 971,Consumer,South
CUST00972,Customer 972,Consumer,North
CUST00973,Customer 973,Consumer,East
CUST00974,Customer 974,SMB,Central
CUST00975,Customer 975,Consumer,Central
CUST00976,Customer 976,Corporate,South
CUST00977,Customer 977,Consumer,West
CUST00978,Customer 978,Consumer,South
CUST00979,Customer 979,Consumer,North
CUST00980,Customer 980,Consumer,East
CUST00981,Customer 981,SMB,East
CUST00982,Customer 982,SMB,East
CUST00983,Customer 983,Corporate,West
CUST00984,Customer 984,Consumer,South
CUST00985,Customer 985,Consumer,East
CUST00986,Customer 986,SMB,South
CUST00987,Customer 987,Consumer,North
CUST00988,Customer 988,Consumer,South
CUST00989,Customer 989,Consumer,Central
CUST00990,Customer 990,Corporate,South
CUST00991,Customer 991,Corporate,North
CUST00992,Customer 992,Corporate,West
CUST00993,Customer 993,Corporate,Central
CUST00994,Customer 994,Consumer,Central
CUST00995,Customer 995,SMB,East
CUST00996,Customer 996,Consumer,South
CUST00997,Customer 997,Corporate,East
CUST00998,Customer 998,Consumer,West
CUST00999,Customer 999,SMB,West
CUST01000,Customer 1000,Consumer,West
CUST01001,Customer 1001,Consumer,South
CUST01002,Customer 1002,Consumer,North
CUST01003,Customer 1003,Consumer,East
CUST01004,Customer 1004,Consumer,North
CUST01005,Customer 1005,Corporate,North
CUST01006,Customer 1006,Consumer,South
CUST01007,Customer 1007,SMB,East
CUST01008,Customer 1008,Consumer,West
CUST01009,Customer 1009,Corporate,West
CUST01010,Customer 1010,Consumer,West
CUST01011,Customer 1011,Corporate,West
CUST01012,Customer 1012,Corporate,West
CUST01013,Customer 1013,Consumer,North
CUST01014,Customer 1014,SMB,East
CUST01015,Customer 1015,Consumer,North
CUST01016,Customer 1016,Consumer,North
CUST01017,Customer 1017,Corporate,North
CUST01018,Customer 1018,SMB,West
CUST01019,Customer 1019,Consumer,West
CUST01020,Customer 1020,Consumer,Central
CUST01021,Customer 1021,SMB,Central
CUST01022,Customer 1022,Corporate,Central
CUST01023,Customer 1023,SMB,North
CUST01024,Customer 1024,Consumer,West
CUST01025,Customer 1025,Corporate,West
CUST01026,Customer 1026,Consumer,West
CUST01027,Customer 1027,SMB,North
CUST01028,Customer 1028,Consumer,North
CUST01029,Customer 1029,Corporate,Central
CUST01030,Customer 1030,Consumer,North
CUST01031,Customer 1031,Corporate,South
CUST01032,Customer 1032,Corporate,South
CUST01033,Customer 1033,Consumer,North
CUST01034,Customer 1034,SMB,North
CUST01035,Customer 1035,Consumer,Central
CUST01036,Customer 1036,Corporate,West
CUST01037,Customer 1037,Consumer,Central
CUST01038,Customer 1038,Consumer,South
CUST01039,Customer 1039,Consumer,South
CUST01040,Customer 1040,Consumer,South
CUST01041,Customer 1041,Consumer,South
CUST01042,Customer 1042,Corporate,North
CUST01043,Customer 1043,Corporate,West
CUST01044,Customer 1044,Corporate,Central
CUST01045,Customer 1045,Consumer,East
CUST01046,Customer 1046,Consumer,South
CUST01047,Customer 1047,Consumer,South
CUST01048,Customer 1048,Corporate,North
CUST01049,Customer 1049,SMB,South
CUST01050,Customer 1050,Consumer,East
CUST01051,Customer 1051,Corporate,South
CUST01052,Customer 1052,Consumer,East
CUST01053,Customer 1053,Consumer,West
CUST01054,Customer 1054,Consumer,South
CUST01055,Customer 1055,Consumer,North
CUST01056,Customer 1056,Corporate,North
CUST01057,Customer 1057,SMB,North
CUST01058,Customer 1058,Consumer,East
CUST01059,Customer 1059,Consumer,West
CUST01060,Customer 1060,Corporate,Central
CUST01061,Customer 1061,SMB,East
CUST01062,Customer 1062,Corporate,South
CUST01063,Customer 1063,Consumer,North
CUST01064,Customer 1064,Corporate,South
CUST01065,Customer 1065,Consumer,South
CUST01066,Customer 1066,SMB,West
CUST01067,Customer 1067,Consumer,South
CUST01068,Customer 1068,Corporate,South
CUST01069,Customer 1069,Consumer,South
CUST01070,Customer 1070,Consumer,North
CUST01071,Customer 1071,SMB,Central
CUST01072,Customer 1072,Corporate,North
CUST01073,Customer 1073,Consumer,North
CUST01074,Customer 1074,SMB,North
CUST01075,Customer 1075,SMB,West
CUST01076,Customer 1076,Consumer,East
CUST01077,Customer 1077,Consumer,East
CUST01078,Customer 1078,Consumer,South
CUST01079,Customer 1079,Corporate,North
CUST01080,Customer 1080,Consumer,West
CUST01081,Customer 1081,Consumer,North
CUST01082,Customer 1082,SMB,North
CUST01083,Customer 1083,SMB,East
CUST01084,Customer 1084,SMB,North
CUST01085,Customer 1085,SMB,North
CUST01086,Customer 1086,Corporate,West
CUST01087,Customer 1087,Corporate,South
CUST01088,Customer 1088,Corporate,South
CUST01089,Customer 1089,Consumer,South
CUST01090,Customer 1090,Consumer,West
CUST01091,Customer 1091,Consumer,North
CUST01092,Customer 1092,Corporate,North
CUST01093,Customer 1093,Consumer,East
CUST01094,Customer 1094,Consumer,East
CUST01095,Customer 1095,Corporate,Central
CUST01096,Customer 1096,Consumer,South
CUST01097,Customer 1097,Consumer,North
CUST01098,Customer 1098,SMB,East
CUST01099,Customer 1099,SMB,East
CUST01100,Customer 1100,Consumer,North
CUST01101,Customer 1101,Consumer,East
CUST01102,Customer 1102,Consumer,North
CUST01103,Customer 1103,Corporate,West
CUST01104,Customer 1104,SMB,West
CUST01105,Customer 1105,Consumer,South
CUST01106,Customer 1106,Corporate,Central
CUST01107,Customer 1107,Consumer,Central
CUST01108,Customer 1108,Consumer,North
CUST01109,Customer 1109,SMB,South
CUST01110,Customer 1110,Consumer,East
CUST01111,Customer 1111,Consumer,North
CUST01112,Customer 1112,Consumer,South
CUST01113,Customer 1113,Corporate,South
CUST01114,Customer 1114,SMB,Central
CUST01115,Customer 1115,SMB,South
CUST01116,Customer 1116,Consumer,West
CUST01117,Customer 1117,Consumer,South
CUST01118,Customer 1118,Corporate,North
CUST01119,Customer 1119,Consumer,West
CUST01120,Customer 1120,SMB,North
CUST01121,Customer 1121,Corporate,North
CUST01122,Customer 1122,Consumer,South
CUST01123,Customer 1123,SMB,West
CUST01124,Customer 1124,Consumer,South
CUST01125,Customer 1125,Consumer,North
CUST01126,Customer 1126,Corporate,South
CUST01127,Customer 1127,Consumer,South
CUST01128,Customer 1128,Corporate,North
CUST01129,Customer 1129,Corporate,East
CUST01130,Customer 1130,SMB,North
CUST01131,Customer 1131,SMB,South
CUST01132,Customer 1132,Consumer,East
CUST01133,Customer 1133,Consumer,West
CUST01134,Customer 1134,Corporate,South
CUST01135,Customer 1135,SMB,South
CUST01136,Customer 1136,Consumer,South
CUST01137,Customer 1137,Consumer,Central
CUST01138,Customer 1138,Consumer,North
CUST01139,Customer 1139,Consumer,North
CUST01140,Customer 1140,Corporate,South
CUST01141,Customer 1141,Consumer,North
CUST01142,Customer 1142,Corporate,North
CUST01143,Customer 1143,SMB,North
CUST01144,Customer 1144,SMB,East
CUST01145,Customer 1145,Consumer,East
CUST01146,Customer 1146,Consumer,East
CUST01147,Customer 1147,Corporate,West
CUST01148,Customer 1148,SMB,South
CUST01149,Customer 1149,Consumer,Central
CUST01150,Customer 1150,SMB,West
CUST01151,Customer 1151,Consumer,West
CUST01152,Customer 1152,SMB,West
CUST01153,Customer 1153,Consumer,South
CUST01154,Customer 1154,Consumer,South
CUST01155,Customer 1155,Consumer,South
CUST01156,Customer 1156,Consumer,North
CUST01157,Customer 1157,Consumer,South
CUST01158,Customer 1158,Consumer,North
CUST01159,Customer 1159,Consumer,North
CUST01160,Customer 1160,Corporate,Central
CUST01161,Customer 1161,Consumer,West
CUST01162,Customer 1162,Corporate,East
CUST01163,Customer 1163,SMB,South
CUST01164,Customer 1164,Consumer,East
CUST01165,Customer 1165,Consumer,Central
CUST01166,Customer 1166,SMB,East
CUST01167,Customer 1167,SMB,East
CUST01168,Customer 1168,Consumer,South
CUST01169,Customer 1169,SMB,South
CUST01170,Customer 1170,Consumer,West
CUST01171,Customer 1171,Consumer,Central
CUST01172,Customer 1172,Corporate,South
CUST01173,Customer 1173,Consumer,South
CUST01174,Customer 1174,Corporate,South
CUST01175,Customer 1175,Consumer,South
CUST01176,Customer 1176,Corporate,Central
CUST01177,Customer 1177,Consumer,West
CUST01178,Customer 1178,Consumer,South
CUST01179,Customer 1179,Consumer,South
CUST01180,Customer 1180,Consumer,South
CUST01181,Customer 1181,Corporate,North
CUST01182,Customer 1182,Consumer,East
CUST01183,Customer 1183,Consumer,West
CUST01184,Customer 1184,Consumer,East
CUST01185,Customer 1185,Consumer,North
CUST01186,Customer 1186,SMB,West
CUST01187,Customer 1187,Consumer,West
CUST01188,Customer 1188,SMB,South
CUST01189,Customer 1189,Consumer,East
CUST01190,Customer 1190,Corporate,East
CUST01191,Customer 1191,Consumer,West
CUST01192,Customer 1192,Consumer,North
CUST01193,Customer 1193,SMB,North
CUST01194,Customer 1194,SMB,South
CUST01195,Customer 1195,SMB,North
CUST01196,Customer 1196,Consumer,South
CUST01197,Customer 1197,Consumer,West
CUST01198,Customer 1198,Corporate,North
CUST01199,Customer 1199,Consumer,South
CUST01200,Customer 1200,Corporate,Central
CUST01201,Customer 1201,Corporate,East
CUST01202,Customer 1202,Corporate,South
CUST01203,Customer 1203,SMB,East
CUST01204,Customer 1204,Corporate,North
CUST01205,Customer 1205,Consumer,North
CUST01206,Customer 1206,Consumer,East
CUST01207,Customer 1207,Corporate,South
CUST01208,Customer 1208,Consumer,South
CUST01209,Customer 1209,Consumer,North
CUST01210,Customer 1210,Consumer,West
CUST01211,Customer 1211,Corporate,North
CUST01212,Customer 1212,SMB,West
CUST01213,Customer 1213,Corporate,South
CUST01214,Customer 1214,Consumer,East
CUST01215,Customer 1215,Consumer,South
CUST01216,Customer 1216,Consumer,North
CUST01217,Customer 1217,Consumer,East
CUST01218,Customer 1218,Corporate,West
CUST01219,Customer 1219,Corporate,North
CUST01220,Customer 1220,Consumer,South
CUST01221,Customer 1221,Consumer,South
CUST01222,Customer 1222,Consumer,South
CUST01223,Customer 1223,SMB,East
CUST01224,Customer 1224,Corporate,North
CUST01225,Customer 1225,Consumer,East
CUST01226,Customer 1226,SMB,North
CUST01227,Customer 1227,Consumer,South
CUST01228,Customer 1228,Consumer,South
CUST01229,Customer 1229,SMB,South
CUST01230,Customer 1230,Consumer,South
CUST01231,Customer 1231,Consumer,Central
CUST01232,Customer 1232,Corporate,South
CUST01233,Customer 1233,Consumer,West
CUST01234,Customer 1234,Corporate,South
CUST01235,Customer 1235,Consumer,South
CUST01236,Customer 1236,Consumer,North
CUST01237,Customer 1237,Consumer,South
CUST01238,Customer 1238,Consumer,East
CUST01239,Customer 1239,Consumer,West
CUST01240,Customer 1240,Consumer,East
CUST01241,Customer 1241,SMB,East
CUST01242,Customer 1242,Consumer,North
CUST01243,Customer 1243,Consumer,North
CUST01244,Customer 1244,Consumer,West
CUST01245,Customer 1245,Consumer,North
CUST01246,Customer 1246,Consumer,North
CUST01247,Customer 1247,Corporate,Central
CUST01248,Customer 1248,Consumer,Central
CUST01249,Customer 1249,SMB,East
CUST01250,Customer 1250,SMB,South
CUST01251,Customer 1251,Consumer,West
CUST01252,Customer 1252,Consumer,South
CUST01253,Customer 1253,Consumer,South
CUST01254,Customer 1254,Corporate,South
CUST01255,Customer 1255,Consumer,Central
CUST01256,Customer 1256,SMB,Central
CUST01257,Customer 1257,Corporate,East
CUST01258,Customer 1258,SMB,North
CUST01259,Customer 1259,Consumer,South
CUST01260,Customer 1260,SMB,South
CUST01261,Customer 1261,Consumer,Central
CUST01262,Customer 1262,Consumer,North
CUST01263,Customer 1263,Consumer,North
CUST01264,Customer 1264,SMB,West
CUST01265,Customer 1265,Corporate,South
CUST01266,Customer 1266,SMB,West
CUST01267,Customer 1267,Consumer,North
CUST01268,Customer 1268,SMB,West
CUST01269,Customer 1269,Consumer,North
CUST01270,Customer 1270,Consumer,North
CUST01271,Customer 1271,SMB,South
CUST01272,Customer 1272,Consumer,South
CUST01273,Customer 1273,Consumer,East
CUST01274,Customer 1274,Corporate,North
CUST01275,Customer 1275,Consumer,North
CUST01276,Customer 1276,Consumer,West
CUST01277,Customer 1277,Consumer,South
CUST01278,Customer 1278,Consumer,East
CUST01279,Customer 1279,SMB,West
CUST01280,Customer 1280,Corporate,North
CUST01281,Customer 1281,Consumer,West
CUST01282,Customer 1282,Consumer,South
CUST01283,Customer 1283,Consumer,South
CUST01284,Customer 1284,Corporate,North
CUST01285,Customer 1285,SMB,West
CUST01286,Customer 1286,SMB,East
CUST01287,Customer 1287,Consumer,East
CUST01288,Customer 1288,Consumer,Central
CUST01289,Customer 1289,Consumer,South
CUST01290,Customer 1290,Corporate,Central
CUST01291,Customer 1291,Consumer,West
CUST01292,Customer 1292,Corporate,Central
CUST01293,Customer 1293,Corporate,Central
CUST01294,Customer 1294,Consumer,Central
CUST01295,Customer 1295,Consumer,North
CUST01296,Customer 1296,Consumer,West
CUST01297,Customer 1297,Consumer,West
CUST01298,Customer 1298,Consumer,East
CUST01299,Customer 1299,Corporate,South
CUST01300,Customer 1300,Consumer,Central
CUST01301,Customer 1301,Consumer,South
CUST01302,Customer 1302,Corporate,South
CUST01303,Customer 1303,Corporate,East
CUST01304,Customer 1304,Consumer,North
CUST01305,Customer 1305,SMB,West
CUST01306,Customer 1306,SMB,North
CUST01307,Customer 1307,Corporate,West
CUST01308,Customer 1308,Corporate,West
CUST01309,Customer 1309,Consumer,South
CUST01310,Customer 1310,SMB,West
CUST01311,Customer 1311,Consumer,North
CUST01312,Customer 1312,SMB,West
CUST01313,Customer 1313,Corporate,Central
CUST01314,Customer 1314,Consumer,North
CUST01315,Customer 1315,Consumer,West
CUST01316,Customer 1316,Corporate,East
CUST01317,Customer 1317,Corporate,East
CUST01318,Customer 1318,Consumer,West
CUST01319,Customer 1319,Corporate,South
CUST01320,Customer 1320,SMB,East
CUST01321,Customer 1321,Consumer,South
CUST01322,Customer 1322,Consumer,South
CUST01323,Customer 1323,Consumer,West
CUST01324,Customer 1324,Corporate,North
CUST01325,Customer 1325,Consumer,East
CUST01326,Customer 1326,SMB,North
CUST01327,Customer 1327,Consumer,West
CUST01328,Customer 1328,Corporate,East
CUST01329,Customer 1329,Consumer,South
CUST01330,Customer 1330,Consumer,South
CUST01331,Customer 1331,Corporate,South
CUST01332,Customer 1332,Consumer,Central
CUST01333,Customer 1333,Consumer,East
CUST01334,Customer 1334,SMB,South
CUST01335,Customer 1335,SMB,West
CUST01336,Customer 1336,SMB,South
CUST01337,Customer 1337,Consumer,South
CUST01338,Customer 1338,Corporate,South
CUST01339,Customer 1339,SMB,North
CUST01340,Customer 1340,Consumer,West
CUST01341,Customer 1341,Consumer,West
CUST01342,Customer 1342,SMB,Central
CUST01343,Customer 1343,Consumer,Central
CUST01344,Customer 1344,Corporate,South
CUST01345,Customer 1345,SMB,South
CUST01346,Customer 1346,Corporate,East
CUST01347,Customer 1347,Consumer,Central
CUST01348,Customer 1348,Consumer,West
CUST01349,Customer 1349,Consumer,South
CUST01350,Customer 1350,Consumer,West
CUST01351,Customer 1351,Corporate,West
CUST01352,Customer 1352,SMB,Central
CUST01353,Customer 1353,Consumer,West
CUST01354,Customer 1354,Consumer,South
CUST01355,Customer 1355,SMB,South
CUST01356,Customer 1356,Consumer,South
CUST01357,Customer 1357,Consumer,South
CUST01358,Customer 1358,Consumer,Central
CUST01359,Customer 1359,Corporate,East
CUST01360,Customer 1360,Consumer,South
CUST01361,Customer 1361,Corporate,South
CUST01362,Customer 1362,Consumer,East
CUST01363,Customer 1363,Corporate,East
CUST01364,Customer 1364,Consumer,North
CUST01365,Customer 1365,Consumer,West
CUST01366,Customer 1366,Consumer,South
CUST01367,Customer 1367,Consumer,South
CUST01368,Customer 1368,Consumer,South
CUST01369,Customer 1369,Consumer,East
CUST01370,Customer 1370,Consumer,West
CUST01371,Customer 1371,Consumer,Central
CUST01372,Customer 1372,SMB,North
CUST01373,Customer 1373,Consumer,Central
CUST01374,Customer 1374,SMB,West
CUST01375,Customer 1375,SMB,South
CUST01376,Customer 1376,Consumer,South
CUST01377,Customer 1377,Corporate,South
CUST01378,Customer 1378,SMB,West
CUST01379,Customer 1379,Corporate,South
CUST01380,Customer 1380,Consumer,South
CUST01381,Customer 1381,Consumer,West
CUST01382,Customer 1382,Consumer,West
CUST01383,Customer 1383,Consumer,East
CUST01384,Customer 1384,SMB,West
CUST01385,Customer 1385,SMB,North
CUST01386,Customer 1386,Consumer,West
CUST01387,Customer 1387,Corporate,South
CUST01388,Customer 1388,Consumer,North
CUST01389,Customer 1389,SMB,Central
CUST01390,Customer 1390,Consumer,South
CUST01391,Customer 1391,SMB,North
CUST01392,Customer 1392,SMB,East
CUST01393,Customer 1393,Consumer,South
CUST01394,Customer 1394,Consumer,North
CUST01395,Customer 1395,SMB,East
CUST01396,Customer 1396,Consumer,West
CUST01397,Customer 1397,Consumer,West
CUST01398,Customer 1398,SMB,North
CUST01399,Customer 1399,Corporate,East
CUST01400,Customer 1400,Consumer,West
CUST01401,Customer 1401,Consumer,North
CUST01402,Customer 1402,Consumer,South
CUST01403,Customer 1403,SMB,North
CUST01404,Customer 1404,Consumer,East
CUST01405,Customer 1405,Consumer,North
CUST01406,Customer 1406,Consumer,West
CUST01407,Customer 1407,SMB,Central
CUST01408,Customer 1408,Consumer,South
CUST01409,Customer 1409,SMB,East
CUST01410,Customer 1410,Corporate,South
CUST01411,Customer 1411,SMB,North
CUST01412,Customer 1412,SMB,West
CUST01413,Customer 1413,SMB,South
CUST01414,Customer 1414,SMB,Central
CUST01415,Customer 1415,Consumer,East
CUST01416,Customer 1416,Corporate,North
CUST01417,Customer 1417,Consumer,South
CUST01418,Customer 1418,Consumer,South
CUST01419,Customer 1419,SMB,West
CUST01420,Customer 1420,SMB,West
CUST01421,Customer 1421,Corporate,South
CUST01422,Customer 1422,Consumer,East
CUST01423,Customer 1423,Consumer,East
CUST01424,Customer 1424,Consumer,West
CUST01425,Customer 1425,Consumer,North
CUST01426,Customer 1426,Consumer,North
CUST01427,Customer 1427,Consumer,North
CUST01428,Customer 1428,Consumer,South
CUST01429,Customer 1429,Corporate,South
CUST01430,Customer 1430,Consumer,North
CUST01431,Customer 1431,SMB,South
CUST01432,Customer 1432,Corporate,South
CUST01433,Customer 1433,Consumer,North
CUST01434,Customer 1434,Consumer,Central
CUST01435,Customer 1435,Consumer,East
CUST01436,Customer 1436,SMB,South
CUST01437,Customer 1437,Consumer,East
CUST01438,Customer 1438,Consumer,South
CUST01439,Customer 1439,SMB,West
CUST01440,Customer 1440,SMB,East
CUST01441,Customer 1441,Consumer,South
CUST01442,Customer 1442,Consumer,Central
CUST01443,Customer 1443,Consumer,West
CUST01444,Customer 1444,Consumer,West
CUST01445,Customer 1445,Consumer,South
CUST01446,Customer 1446,Corporate,North
CUST01447,Customer 1447,SMB,West
CUST01448,Customer 1448,Consumer,South
CUST01449,Customer 1449,Corporate,West
CUST01450,Customer 1450,Consumer,West
CUST01451,Customer 1451,SMB,South
CUST01452,Customer 1452,Corporate,South
CUST01453,Customer 1453,SMB,South
CUST01454,Customer 1454,SMB,South
CUST01455,Customer 1455,Consumer,East
CUST01456,Customer 1456,Consumer,West
CUST01457,Customer 1457,Consumer,South
CUST01458,Customer 1458,Consumer,West
CUST01459,Customer 1459,SMB,East
CUST01460,Customer 1460,Consumer,West
CUST01461,Customer 1461,Corporate,South
CUST01462,Customer 1462,Consumer,West
CUST01463,Customer 1463,Consumer,West
CUST01464,Customer 1464,Consumer,South
CUST01465,Customer 1465,Corporate,East
CUST01466,Customer 1466,Corporate,West
CUST01467,Customer 1467,Consumer,South
CUST01468,Customer 1468,Consumer,West
CUST01469,Customer 1469,Corporate,Central
CUST01470,Customer 1470,Consumer,West
CUST01471,Customer 1471,SMB,South
CUST01472,Customer 1472,Consumer,East
CUST01473,Customer 1473,Consumer,Central
CUST01474,Customer 1474,Consumer,East
CUST01475,Customer 1475,Consumer,North
CUST01476,Customer 1476,Consumer,North
CUST01477,Customer 1477,Consumer,West
CUST01478,Customer 1478,SMB,South
CUST01479,Customer 1479,Consumer,South
CUST01480,Customer 1480,Consumer,South
CUST01481,Customer 1481,Consumer,West
CUST01482,Customer 1482,Consumer,South
CUST01483,Customer 1483,Corporate,West
CUST01484,Customer 1484,Consumer,West
CUST01485,Customer 1485,Corporate,Central
CUST01486,Customer 1486,Consumer,Central
CUST01487,Customer 1487,SMB,South
CUST01488,Customer 1488,Consumer,East
CUST01489,Customer 1489,SMB,North
CUST01490,Customer 1490,Consumer,Central
CUST01491,Customer 1491,Consumer,South
CUST01492,Customer 1492,SMB,East
CUST01493,Customer 1493,Corporate,West
CUST01494,Customer 1494,Corporate,North
CUST01495,Customer 1495,Consumer,West
CUST01496,Customer 1496,Corporate,North
CUST01497,Customer 1497,SMB,South
CUST01498,Customer 1498,Corporate,South
CUST01499,Customer 1499,Consumer,South
CUST01500,Customer 1500,Corporate,East
CUST01501,Customer 1501,Corporate,Central
CUST01502,Customer 1502,SMB,South
CUST01503,Customer 1503,Consumer,East
CUST01504,Customer 1504,Consumer,West
CUST01505,Customer 1505,SMB,West
CUST01506,Customer 1506,Consumer,North
CUST01507,Customer 1507,Corporate,Central
CUST01508,Customer 1508,Consumer,North
CUST01509,Customer 1509,Consumer,East
CUST01510,Customer 1510,Corporate,East
CUST01511,Customer 1511,Consumer,West
CUST01512,Customer 1512,Consumer,North
CUST01513,Customer 1513,Corporate,North
CUST01514,Customer 1514,Corporate,West
CUST01515,Customer 1515,SMB,North
CUST01516,Customer 1516,Consumer,South
CUST01517,Customer 1517,Consumer,West
CUST01518,Customer 1518,SMB,East
CUST01519,Customer 1519,Consumer,South
CUST01520,Customer 1520,Consumer,South
CUST01521,Customer 1521,Consumer,Central
CUST01522,Customer 1522,Consumer,South
CUST01523,Customer 1523,SMB,North
CUST01524,Customer 1524,Corporate,South
CUST01525,Customer 1525,Corporate,South
CUST01526,Customer 1526,Consumer,Central
CUST01527,Customer 1527,Consumer,South
CUST01528,Customer 1528,Consumer,North
CUST01529,Customer 1529,Consumer,East
CUST01530,Customer 1530,Consumer,North
CUST01531,Customer 1531,Consumer,South
CUST01532,Customer 1532,Consumer,Central
CUST01533,Customer 1533,Corporate,West
CUST01534,Customer 1534,Corporate,North
CUST01535,Customer 1535,Consumer,South
CUST01536,Customer 1536,Consumer,North
CUST01537,Customer 1537,Corporate,North
CUST01538,Customer 1538,Corporate,East
CUST01539,Customer 1539,SMB,East
CUST01540,Customer 1540,Consumer,West
CUST01541,Customer 1541,SMB,Central
CUST01542,Customer 1542,Consumer,South
CUST01543,Customer 1543,Consumer,Central
CUST01544,Customer 1544,Consumer,East
CUST01545,Customer 1545,Consumer,South
CUST01546,Customer 1546,Consumer,West
CUST01547,Customer 1547,Consumer,North
CUST01548,Customer 1548,Corporate,East
CUST01549,Customer 1549,Consumer,West
CUST01550,Customer 1550,Consumer,South
CUST01551,Customer 1551,Consumer,West
CUST01552,Customer 1552,Consumer,South
CUST01553,Customer 1553,Consumer,West
CUST01554,Customer 1554,Consumer,North
CUST01555,Customer 1555,Consumer,North
CUST01556,Customer 1556,Corporate,South
CUST01557,Customer 1557,SMB,West
CUST01558,Customer 1558,Consumer,North
CUST01559,Customer 1559,Corporate,West
CUST01560,Customer 1560,SMB,South
CUST01561,Customer 1561,SMB,South
CUST01562,Customer 1562,Corporate,South
CUST01563,Customer 1563,SMB,North
CUST01564,Customer 1564,SMB,Central
CUST01565,Customer 1565,Corporate,South
CUST01566,Customer 1566,Consumer,West
CUST01567,Customer 1567,Consumer,East
CUST01568,Customer 1568,Consumer,East
CUST01569,Customer 1569,Consumer,East
CUST01570,Customer 1570,Consumer,Central
CUST01571,Customer 1571,Consumer,West
CUST01572,Customer 1572,Corporate,East
CUST01573,Customer 1573,Corporate,East
CUST01574,Customer 1574,SMB,East
CUST01575,Customer 1575,Consumer,South
CUST01576,Customer 1576,Consumer,East
CUST01577,Customer 1577,Corporate,South
CUST01578,Customer 1578,SMB,West
CUST01579,Customer 1579,SMB,Central
CUST01580,Customer 1580,SMB,Central
CUST01581,Customer 1581,SMB,West
CUST01582,Customer 1582,Consumer,East
CUST01583,Customer 1583,Consumer,West
CUST01584,Customer 1584,Consumer,North
CUST01585,Customer 1585,Corporate,South
CUST01586,Customer 1586,SMB,South
CUST01587,Customer 1587,Consumer,North
CUST01588,Customer 1588,Corporate,Central
CUST01589,Customer 1589,Consumer,West
CUST01590,Customer 1590,Consumer,East
CUST01591,Customer 1591,Consumer,South
CUST01592,Customer 1592,Consumer,West
CUST01593,Customer 1593,SMB,South
CUST01594,Customer 1594,Consumer,West
CUST01595,Customer 1595,SMB,Central
CUST01596,Customer 1596,Corporate,South
CUST01597,Customer 1597,Consumer,South
CUST01598,Customer 1598,Consumer,South
CUST01599,Customer 1599,SMB,North
CUST01600,Customer 1600,Consumer,South
CUST01601,Customer 1601,SMB,North
CUST01602,Customer 1602,Consumer,North
CUST01603,Customer 1603,Corporate,South
CUST01604,Customer 1604,SMB,North
CUST01605,Customer 1605,Consumer,West
CUST01606,Customer 1606,Consumer,North
CUST01607,Customer 1607,SMB,West
CUST01608,Customer 1608,Consumer,South
CUST01609,Customer 1609,Consumer,North
CUST01610,Customer 1610,Consumer,North
CUST01611,Customer 1611,Consumer,West
CUST01612,Customer 1612,Corporate,South
CUST01613,Customer 1613,Corporate,East
CUST01614,Customer 1614,Consumer,North
CUST01615,Customer 1615,SMB,Central
CUST01616,Customer 1616,Consumer,North
CUST01617,Customer 1617,Consumer,South
CUST01618,Customer 1618,Corporate,West
CUST01619,Customer 1619,SMB,South
CUST01620,Customer 1620,Consumer,South
CUST01621,Customer 1621,Consumer,West
CUST01622,Customer 1622,Consumer,South
CUST01623,Customer 1623,SMB,North
CUST01624,Customer 1624,Consumer,South
CUST01625,Customer 1625,Consumer,North
CUST01626,Customer 1626,Corporate,Central
CUST01627,Customer 1627,Consumer,East
CUST01628,Customer 1628,Consumer,East
CUST01629,Customer 1629,Consumer,South
CUST01630,Customer 1630,Consumer,West
CUST01631,Customer 1631,Consumer,East
CUST01632,Customer 1632,SMB,North
CUST01633,Customer 1633,Corporate,Central
CUST01634,Customer 1634,Corporate,East
CUST01635,Customer 1635,SMB,West
CUST01636,Customer 1636,Consumer,South
CUST01637,Customer 1637,Consumer,North
CUST01638,Customer 1638,SMB,West
CUST01639,Customer 1639,Consumer,West
CUST01640,Customer 1640,Corporate,South
CUST01641,Customer 1641,Corporate,North
CUST01642,Customer 1642,Consumer,West
CUST01643,Customer 1643,Consumer,South
CUST01644,Customer 1644,Consumer,South
CUST01645,Customer 1645,Consumer,East
CUST01646,Customer 1646,Consumer,North
CUST01647,Customer 1647,Consumer,North
CUST01648,Customer 1648,Corporate,North
CUST01649,Customer 1649,SMB,Central
CUST01650,Customer 1650,SMB,South
CUST01651,Customer 1651,Consumer,East
CUST01652,Customer 1652,Consumer,Central
CUST01653,Customer 1653,Consumer,East
CUST01654,Customer 1654,Consumer,East
CUST01655,Customer 1655,SMB,East
CUST01656,Customer 1656,Consumer,South
CUST01657,Customer 1657,Consumer,East
CUST01658,Customer 1658,SMB,Central
CUST01659,Customer 1659,Consumer,West
CUST01660,Customer 1660,Consumer,South
CUST01661,Customer 1661,Consumer,South
CUST01662,Customer 1662,Corporate,Central
CUST01663,Customer 1663,Corporate,North
CUST01664,Customer 1664,Consumer,West
CUST01665,Customer 1665,SMB,South
CUST01666,Customer 1666,SMB,West
CUST01667,Customer 1667,SMB,West
CUST01668,Customer 1668,Consumer,South
CUST01669,Customer 1669,Consumer,North
CUST01670,Customer 1670,SMB,West
CUST01671,Customer 1671,Consumer,South
CUST01672,Customer 1672,Corporate,South
CUST01673,Customer 1673,Corporate,East
CUST01674,Customer 1674,Consumer,South
CUST01675,Customer 1675,Corporate,West
CUST01676,Customer 1676,SMB,North
CUST01677,Customer 1677,Corporate,South
CUST01678,Customer 1678,Consumer,Central
CUST01679,Customer 1679,SMB,North
CUST01680,Customer 1680,Consumer,South
CUST01681,Customer 1681,Corporate,East
CUST01682,Customer 1682,SMB,Central
CUST01683,Customer 1683,Corporate,East
CUST01684,Customer 1684,Consumer,West
CUST01685,Customer 1685,Consumer,South
CUST01686,Customer 1686,Consumer,South
CUST01687,Customer 1687,Consumer,Central
CUST01688,Customer 1688,Consumer,Central
CUST01689,Customer 1689,Corporate,East
CUST01690,Customer 1690,Consumer,South
CUST01691,Customer 1691,Corporate,South
CUST01692,Customer 1692,SMB,North
CUST01693,Customer 1693,Consumer,Central
CUST01694,Customer 1694,Corporate,West
CUST01695,Customer 1695,Corporate,South
CUST01696,Customer 1696,Consumer,South
CUST01697,Customer 1697,Consumer,South
CUST01698,Customer 1698,Corporate,North
CUST01699,Customer 1699,SMB,West
CUST01700,Customer 1700,Corporate,East
CUST01701,Customer 1701,SMB,South
CUST01702,Customer 1702,SMB,East
CUST01703,Customer 1703,Consumer,Central
CUST01704,Customer 1704,Corporate,North
CUST01705,Customer 1705,Consumer,South
CUST01706,Customer 1706,SMB,South
CUST01707,Customer 1707,Consumer,North
CUST01708,Customer 1708,Consumer,East
CUST01709,Customer 1709,SMB,East
CUST01710,Customer 1710,Consumer,North
CUST01711,Customer 1711,Corporate,North
CUST01712,Customer 1712,Consumer,West
CUST01713,Customer 1713,SMB,South
CUST01714,Customer 1714,SMB,East
CUST01715,Customer 1715,Consumer,East
CUST01716,Customer 1716,Corporate,West
CUST01717,Customer 1717,Consumer,West
CUST01718,Customer 1718,Corporate,West
CUST01719,Customer 1719,Corporate,East
CUST01720,Customer 1720,SMB,South
CUST01721,Customer 1721,Consumer,South
CUST01722,Customer 1722,Consumer,South
CUST01723,Customer 1723,Corporate,South
CUST01724,Customer 1724,Corporate,North
CUST01725,Customer 1725,Consumer,South
CUST01726,Customer 1726,Consumer,South
CUST01727,Customer 1727,Consumer,North
CUST01728,Customer 1728,SMB,South
CUST01729,Customer 1729,Consumer,West
CUST01730,Customer 1730,Consumer,East
CUST01731,Customer 1731,SMB,West
CUST01732,Customer 1732,Consumer,East
CUST01733,Customer 1733,Corporate,West
CUST01734,Customer 1734,Consumer,West
CUST01735,Customer 1735,SMB,North
CUST01736,Customer 1736,Corporate,Central
CUST01737,Customer 1737,SMB,North
CUST01738,Customer 1738,Consumer,East
CUST01739,Customer 1739,Consumer,West
CUST01740,Customer 1740,Corporate,South
CUST01741,Customer 1741,Consumer,East
CUST01742,Customer 1742,Consumer,South
CUST01743,Customer 1743,Consumer,North
CUST01744,Customer 1744,SMB,North
CUST01745,Customer 1745,Corporate,North
CUST01746,Customer 1746,Corporate,North
CUST01747,Customer 1747,Corporate,East
CUST01748,Customer 1748,Consumer,East
CUST01749,Customer 1749,Consumer,South
CUST01750,Customer 1750,Consumer,West
CUST01751,Customer 1751,Corporate,North
CUST01752,Customer 1752,Consumer,South
CUST01753,Customer 1753,SMB,West
CUST01754,Customer 1754,SMB,Central
CUST01755,Customer 1755,Consumer,South
CUST01756,Customer 1756,Corporate,North
CUST01757,Customer 1757,Consumer,West
CUST01758,Customer 1758,SMB,Central
CUST01759,Customer 1759,SMB,South
CUST01760,Customer 1760,SMB,South
CUST01761,Customer 1761,Consumer,North
CUST01762,Customer 1762,Consumer,East
CUST01763,Customer 1763,Consumer,Central
CUST01764,Customer 1764,Consumer,East
CUST01765,Customer 1765,Consumer,South
CUST01766,Customer 1766,Consumer,East
CUST01767,Customer 1767,SMB,West
CUST01768,Customer 1768,Consumer,South
CUST01769,Customer 1769,Consumer,West
CUST01770,Customer 1770,SMB,South
CUST01771,Customer 1771,Corporate,South
CUST01772,Customer 1772,Corporate,East
CUST01773,Customer 1773,Corporate,South
CUST01774,Customer 1774,SMB,Central
CUST01775,Customer 1775,Corporate,East
CUST01776,Customer 1776,Consumer,South
CUST01777,Customer 1777,Corporate,South
CUST01778,Customer 1778,Consumer,East
CUST01779,Customer 1779,Consumer,South
CUST01780,Customer 1780,Consumer,West
CUST01781,Customer 1781,Consumer,South
CUST01782,Customer 1782,Corporate,South
CUST01783,Customer 1783,Consumer,East
CUST01784,Customer 1784,Consumer,North
CUST01785,Customer 1785,Consumer,East
CUST01786,Customer 1786,SMB,East
CUST01787,Customer 1787,Consumer,South
CUST01788,Customer 1788,Corporate,West
CUST01789,Customer 1789,SMB,West
CUST01790,Customer 1790,Consumer,West
CUST01791,Customer 1791,Corporate,South
CUST01792,Customer 1792,Consumer,South
CUST01793,Customer 1793,Consumer,West
CUST01794,Customer 1794,Corporate,East
CUST01795,Customer 1795,SMB,East
CUST01796,Customer 1796,Consumer,East
CUST01797,Customer 1797,Corporate,West
CUST01798,Customer 1798,Consumer,North
CUST01799,Customer 1799,Corporate,East
CUST01800,Customer 1800,Corporate,North
CUST01801,Customer 1801,Corporate,South
CUST01802,Customer 1802,Corporate,East
CUST01803,Customer 1803,Consumer,South
CUST01804,Customer 1804,Corporate,South
CUST01805,Customer 1805,Corporate,Central
CUST01806,Customer 1806,Corporate,West
CUST01807,Customer 1807,Consumer,East
CUST01808,Customer 1808,Consumer,Central
CUST01809,Customer 1809,Consumer,South
CUST01810,Customer 1810,Consumer,West
CUST01811,Customer 1811,Consumer,North
CUST01812,Customer 1812,Consumer,South
CUST01813,Customer 1813,Corporate,South
CUST01814,Customer 1814,Consumer,North
CUST01815,Customer 1815,SMB,East
CUST01816,Customer 1816,Consumer,North
CUST01817,Customer 1817,Corporate,East
CUST01818,Customer 1818,Consumer,North
CUST01819,Customer 1819,Consumer,North
CUST01820,Customer 1820,Corporate,Central
CUST01821,Customer 1821,SMB,East
CUST01822,Customer 1822,Consumer,Central
CUST01823,Customer 1823,Consumer,South
CUST01824,Customer 1824,Corporate,North
CUST01825,Customer 1825,Corporate,East
CUST01826,Customer 1826,Consumer,East
CUST01827,Customer 1827,Consumer,North
CUST01828,Customer 1828,Consumer,West
CUST01829,Customer 1829,SMB,East
CUST01830,Customer 1830,Consumer,West
CUST01831,Customer 1831,Consumer,South
CUST01832,Customer 1832,SMB,East
CUST01833,Customer 1833,Consumer,South
CUST01834,Customer 1834,Consumer,Central
CUST01835,Customer 1835,Consumer,South
CUST01836,Customer 1836,Consumer,North
CUST01837,Customer 1837,Consumer,North
CUST01838,Customer 1838,Consumer,East
CUST01839,Customer 1839,Corporate,Central
CUST01840,Customer 1840,Corporate,Central
CUST01841,Customer 1841,Consumer,West
CUST01842,Customer 1842,Corporate,Central
CUST01843,Customer 1843,Consumer,West
CUST01844,Customer 1844,SMB,South
CUST01845,Customer 1845,Consumer,East
CUST01846,Customer 1846,Corporate,North
CUST01847,Customer 1847,Consumer,South
CUST01848,Customer 1848,Corporate,South
CUST01849,Customer 1849,Consumer,South
CUST01850,Customer 1850,Corporate,Central
CUST01851,Customer 1851,Consumer,Central
CUST01852,Customer 1852,SMB,South
CUST01853,Customer 1853,Consumer,West
CUST01854,Customer 1854,Corporate,South
CUST01855,Customer 1855,SMB,North
CUST01856,Customer 1856,SMB,South
CUST01857,Customer 1857,Consumer,South
CUST01858,Customer 1858,Consumer,South
CUST01859,Customer 1859,Consumer,South
CUST01860,Customer 1860,Consumer,North
CUST01861,Customer 1861,Corporate,South
CUST01862,Customer 1862,SMB,Central
CUST01863,Customer 1863,SMB,North
CUST01864,Customer 1864,Consumer,South
CUST01865,Customer 1865,Corporate,East
CUST01866,Customer 1866,SMB,South
CUST01867,Customer 1867,SMB,East
CUST01868,Customer 1868,Consumer,North
CUST01869,Customer 1869,Consumer,East
CUST01870,Customer 1870,SMB,East
CUST01871,Customer 1871,Consumer,West
CUST01872,Customer 1872,Consumer,East
CUST01873,Customer 1873,SMB,South
CUST01874,Customer 1874,SMB,South
CUST01875,Customer 1875,SMB,South
CUST01876,Customer 1876,Corporate,East
CUST01877,Customer 1877,Consumer,North
CUST01878,Customer 1878,Consumer,South
CUST01879,Customer 1879,Consumer,East
CUST01880,Customer 1880,Corporate,North
CUST01881,Customer 1881,Consumer,North
CUST01882,Customer 1882,Corporate,East
CUST01883,Customer 1883,Consumer,South
CUST01884,Customer 1884,Corporate,West
CUST01885,Customer 1885,Consumer,Central
CUST01886,Customer 1886,Consumer,Central
CUST01887,Customer 1887,Consumer,South
CUST01888,Customer 1888,Consumer,South
CUST01889,Customer 1889,SMB,East
CUST01890,Customer 1890,Consumer,East
CUST01891,Customer 1891,Consumer,East
CUST01892,Customer 1892,Corporate,South
CUST01893,Customer 1893,Corporate,North
CUST01894,Customer 1894,Consumer,South
CUST01895,Customer 1895,Consumer,North
CUST01896,Customer 1896,Consumer,North
CUST01897,Customer 1897,Corporate,Central
CUST01898,Customer 1898,Consumer,North
CUST01899,Customer 1899,Consumer,East
CUST01900,Customer 1900,Consumer,Central
CUST01901,Customer 1901,Corporate,South
CUST01902,Customer 1902,Consumer,East
CUST01903,Customer 1903,SMB,West
CUST01904,Customer 1904,Consumer,South
CUST01905,Customer 1905,Corporate,South
CUST01906,Customer 1906,Consumer,West
CUST01907,Customer 1907,Consumer,West
CUST01908,Customer 1908,Consumer,West
CUST01909,Customer 1909,SMB,Central
CUST01910,Customer 1910,SMB,South
CUST01911,Customer 1911,Consumer,West
CUST01912,Customer 1912,Consumer,East
CUST01913,Customer 1913,SMB,East
CUST01914,Customer 1914,Consumer,West
CUST01915,Customer 1915,Consumer,West
CUST01916,Customer 1916,Consumer,Central
CUST01917,Customer 1917,Corporate,South
CUST01918,Customer 1918,Corporate,East
CUST01919,Customer 1919,Corporate,South
CUST01920,Customer 1920,SMB,East
CUST01921,Customer 1921,Consumer,West
CUST01922,Customer 1922,Consumer,West
CUST01923,Customer 1923,Consumer,South
CUST01924,Customer 1924,Consumer,East
CUST01925,Customer 1925,Consumer,South
CUST01926,Customer 1926,Consumer,North
CUST01927,Customer 1927,Consumer,South
CUST01928,Customer 1928,Corporate,Central
CUST01929,Customer 1929,Consumer,South
CUST01930,Customer 1930,Consumer,Central
CUST01931,Customer 1931,Corporate,South
CUST01932,Customer 1932,Corporate,West
CUST01933,Customer 1933,Corporate,East
CUST01934,Customer 1934,SMB,West
CUST01935,Customer 1935,Corporate,East
CUST01936,Customer 1936,Consumer,West
CUST01937,Customer 1937,Consumer,Central
CUST01938,Customer 1938,Corporate,East
CUST01939,Customer 1939,Consumer,North
CUST01940,Customer 1940,Consumer,South
CUST01941,Customer 1941,Consumer,West
CUST01942,Customer 1942,Consumer,South
CUST01943,Customer 1943,Consumer,East
CUST01944,Customer 1944,Consumer,East
CUST01945,Customer 1945,SMB,South
CUST01946,Customer 1946,SMB,West
CUST01947,Customer 1947,Consumer,West
CUST01948,Customer 1948,SMB,West
CUST01949,Customer 1949,Consumer,West
CUST01950,Customer 1950,SMB,Central
CUST01951,Customer 1951,SMB,East
CUST01952,Customer 1952,Consumer,Central
CUST01953,Customer 1953,Corporate,North
CUST01954,Customer 1954,SMB,East
CUST01955,Customer 1955,SMB,West
CUST01956,Customer 1956,SMB,South
CUST01957,Customer 1957,Corporate,South
CUST01958,Customer 1958,Consumer,East
CUST01959,Customer 1959,SMB,South
CUST01960,Customer 1960,Corporate,Central
CUST01961,Customer 1961,Corporate,South
CUST01962,Customer 1962,Consumer,North
CUST01963,Customer 1963,Corporate,East
CUST01964,Customer 1964,Consumer,South
CUST01965,Customer 1965,Corporate,North
CUST01966,Customer 1966,Consumer,East
CUST01967,Customer 1967,Corporate,East
CUST01968,Customer 1968,SMB,North
CUST01969,Customer 1969,Consumer,East
CUST01970,Customer 1970,Consumer,East
CUST01971,Customer 1971,Consumer,West
CUST01972,Customer 1972,SMB,South
CUST01973,Customer 1973,Corporate,South
CUST01974,Customer 1974,Consumer,Central
CUST01975,Customer 1975,Consumer,East
CUST01976,Customer 1976,Consumer,North
CUST01977,Customer 1977,Consumer,West
CUST01978,Customer 1978,SMB,North
CUST01979,Customer 1979,Corporate,West
CUST01980,Customer 1980,Consumer,West
CUST01981,Customer 1981,SMB,Central
CUST01982,Customer 1982,Consumer,Central
CUST01983,Customer 1983,SMB,South
CUST01984,Customer 1984,Consumer,West
CUST01985,Customer 1985,Corporate,South
CUST01986,Customer 1986,SMB,East
CUST01987,Customer 1987,Consumer,East
CUST01988,Customer 1988,Corporate,North
CUST01989,Customer 1989,SMB,North
CUST01990,Customer 1990,Consumer,North
CUST01991,Customer 1991,Consumer,North
CUST01992,Customer 1992,Corporate,South
CUST01993,Customer 1993,Consumer,Central
CUST01994,Customer 1994,Consumer,East
CUST01995,Customer 1995,Consumer,West
CUST01996,Customer 1996,Corporate,West
CUST01997,Customer 1997,Consumer,West
CUST01998,Customer 1998,Consumer,South
CUST01999,Customer 1999,SMB,West
CUST02000,Customer 2000,Consumer,West
CUST02001,Customer 2001,SMB,West
CUST02002,Customer 2002,Consumer,Central
CUST02003,Customer 2003,SMB,East
CUST02004,Customer 2004,Corporate,East
CUST02005,Customer 2005,Consumer,Central
CUST02006,Customer 2006,SMB,South
CUST02007,Customer 2007,Consumer,West
CUST02008,Customer 2008,Consumer,North
CUST02009,Customer 2009,Consumer,North
CUST02010,Customer 2010,Corporate,East
CUST02011,Customer 2011,Consumer,North
CUST02012,Customer 2012,Consumer,Central
CUST02013,Customer 2013,Consumer,North
CUST02014,Customer 2014,Consumer,West
CUST02015,Customer 2015,Consumer,South
CUST02016,Customer 2016,Consumer,Central
CUST02017,Customer 2017,Consumer,South
CUST02018,Customer 2018,Consumer,North
CUST02019,Customer 2019,Corporate,North
CUST02020,Customer 2020,Consumer,East
CUST02021,Customer 2021,Corporate,Central
CUST02022,Customer 2022,Consumer,Central
CUST02023,Customer 2023,Consumer,South
CUST02024,Customer 2024,Consumer,South
CUST02025,Customer 2025,Consumer,North
CUST02026,Customer 2026,Consumer,East
CUST02027,Customer 2027,SMB,East
CUST02028,Customer 2028,Consumer,South
CUST02029,Customer 2029,Consumer,East
CUST02030,Customer 2030,Corporate,Central
CUST02031,Customer 2031,Consumer,North
CUST02032,Customer 2032,Consumer,South
CUST02033,Customer 2033,Consumer,South
CUST02034,Customer 2034,Consumer,North
CUST02035,Customer 2035,Consumer,North
CUST02036,Customer 2036,Corporate,East
CUST02037,Customer 2037,SMB,North
CUST02038,Customer 2038,Consumer,West
CUST02039,Customer 2039,Corporate,Central
CUST02040,Customer 2040,Corporate,Central
CUST02041,Customer 2041,Consumer,East
CUST02042,Customer 2042,Corporate,North
CUST02043,Customer 2043,Corporate,North
CUST02044,Customer 2044,SMB,South
CUST02045,Customer 2045,SMB,Central
CUST02046,Customer 2046,Consumer,Central
CUST02047,Customer 2047,Consumer,South
CUST02048,Customer 2048,Consumer,South
CUST02049,Customer 2049,Consumer,East
CUST02050,Customer 2050,Consumer,South
CUST02051,Customer 2051,SMB,Central
CUST02052,Customer 2052,Consumer,South
CUST02053,Customer 2053,Consumer,South
CUST02054,Customer 2054,SMB,South
CUST02055,Customer 2055,Consumer,North
CUST02056,Customer 2056,Consumer,South
CUST02057,Customer 2057,SMB,West
CUST02058,Customer 2058,Consumer,North
CUST02059,Customer 2059,Consumer,East
CUST02060,Customer 2060,Consumer,South
CUST02061,Customer 2061,SMB,North
CUST02062,Customer 2062,Consumer,North
CUST02063,Customer 2063,Consumer,South
CUST02064,Customer 2064,Consumer,North
CUST02065,Customer 2065,Consumer,South
CUST02066,Customer 2066,SMB,West
CUST02067,Customer 2067,Consumer,West
CUST02068,Customer 2068,SMB,Central
CUST02069,Customer 2069,Consumer,South
CUST02070,Customer 2070,Consumer,West
CUST02071,Customer 2071,SMB,East
CUST02072,Customer 2072,Consumer,South
CUST02073,Customer 2073,Consumer,South
CUST02074,Customer 2074,SMB,East
CUST02075,Customer 2075,Consumer,West
CUST02076,Customer 2076,Consumer,South
CUST02077,Customer 2077,SMB,South
CUST02078,Customer 2078,Consumer,Central
CUST02079,Customer 2079,Consumer,North
CUST02080,Customer 2080,Consumer,Central
CUST02081,Customer 2081,Consumer,West
CUST02082,Customer 2082,Consumer,West
CUST02083,Customer 2083,Corporate,West
CUST02084,Customer 2084,Consumer,South
CUST02085,Customer 2085,Corporate,East
CUST02086,Customer 2086,Consumer,West
CUST02087,Customer 2087,Consumer,West
CUST02088,Customer 2088,Consumer,South
CUST02089,Customer 2089,Corporate,North
CUST02090,Customer 2090,Consumer,South
CUST02091,Customer 2091,Consumer,South
CUST02092,Customer 2092,SMB,East
CUST02093,Customer 2093,Corporate,West
CUST02094,Customer 2094,Consumer,West
CUST02095,Customer 2095,SMB,East
CUST02096,Customer 2096,Consumer,South
CUST02097,Customer 2097,Consumer,South
CUST02098,Customer 2098,Consumer,South
CUST02099,Customer 2099,Consumer,South
CUST02100,Customer 2100,Consumer,North
CUST02101,Customer 2101,Corporate,South
CUST02102,Customer 2102,Consumer,South
CUST02103,Customer 2103,SMB,East
CUST02104,Customer 2104,SMB,North
CUST02105,Customer 2105,Corporate,South
CUST02106,Customer 2106,Corporate,North
CUST02107,Customer 2107,Corporate,East
CUST02108,Customer 2108,SMB,East
CUST02109,Customer 2109,Consumer,South
CUST02110,Customer 2110,Consumer,North
CUST02111,Customer 2111,Consumer,Central
CUST02112,Customer 2112,Consumer,East
CUST02113,Customer 2113,Consumer,East
CUST02114,Customer 2114,Corporate,East
CUST02115,Customer 2115,Consumer,West
CUST02116,Customer 2116,SMB,Central
CUST02117,Customer 2117,Consumer,South
CUST02118,Customer 2118,Consumer,West
CUST02119,Customer 2119,Consumer,South
CUST02120,Customer 2120,Consumer,East
CUST02121,Customer 2121,Consumer,South
CUST02122,Customer 2122,Consumer,North
CUST02123,Customer 2123,Consumer,Central
CUST02124,Customer 2124,Consumer,West
CUST02125,Customer 2125,Consumer,South
CUST02126,Customer 2126,Consumer,Central
CUST02127,Customer 2127,Consumer,South
CUST02128,Customer 2128,Consumer,South
CUST02129,Customer 2129,Consumer,West
CUST02130,Customer 2130,Consumer,South
CUST02131,Customer 2131,Consumer,South
CUST02132,Customer 2132,Corporate,East
CUST02133,Customer 2133,SMB,North
CUST02134,Customer 2134,SMB,South
CUST02135,Customer 2135,Consumer,South
CUST02136,Customer 2136,Consumer,East
CUST02137,Customer 2137,Consumer,North
CUST02138,Customer 2138,Corporate,South
CUST02139,Customer 2139,Corporate,West
CUST02140,Customer 2140,SMB,North
CUST02141,Customer 2141,SMB,South
CUST02142,Customer 2142,Consumer,West
CUST02143,Customer 2143,Corporate,West
CUST02144,Customer 2144,SMB,North
CUST02145,Customer 2145,Consumer,West
CUST02146,Customer 2146,SMB,West
CUST02147,Customer 2147,Consumer,South
CUST02148,Customer 2148,SMB,West
CUST02149,Customer 2149,Corporate,West
CUST02150,Customer 2150,Consumer,East
CUST02151,Customer 2151,Corporate,East
CUST02152,Customer 2152,Consumer,West
CUST02153,Customer 2153,Corporate,Central
CUST02154,Customer 2154,Corporate,East
CUST02155,Customer 2155,Corporate,West
CUST02156,Customer 2156,SMB,West
CUST02157,Customer 2157,Consumer,West
CUST02158,Customer 2158,Consumer,Central
CUST02159,Customer 2159,Consumer,North
CUST02160,Customer 2160,Consumer,North
CUST02161,Customer 2161,Consumer,East
CUST02162,Customer 2162,Consumer,South
CUST02163,Customer 2163,Consumer,East
CUST02164,Customer 2164,Consumer,West
CUST02165,Customer 2165,SMB,Central
CUST02166,Customer 2166,Consumer,South
CUST02167,Customer 2167,SMB,West
CUST02168,Customer 2168,Consumer,North
CUST02169,Customer 2169,Consumer,East
CUST02170,Customer 2170,Consumer,North
CUST02171,Customer 2171,Consumer,East
CUST02172,Customer 2172,Consumer,East
CUST02173,Customer 2173,Consumer,West
CUST02174,Customer 2174,Consumer,East
CUST02175,Customer 2175,Consumer,South
CUST02176,Customer 2176,Corporate,North
CUST02177,Customer 2177,Consumer,North
CUST02178,Customer 2178,SMB,Central
CUST02179,Customer 2179,Consumer,Central
CUST02180,Customer 2180,SMB,South
CUST02181,Customer 2181,Corporate,South
CUST02182,Customer 2182,SMB,South
CUST02183,Customer 2183,SMB,West
CUST02184,Customer 2184,Consumer,South
CUST02185,Customer 2185,Consumer,North
CUST02186,Customer 2186,Consumer,South
CUST02187,Customer 2187,SMB,South
CUST02188,Customer 2188,Corporate,South
CUST02189,Customer 2189,Consumer,North
CUST02190,Customer 2190,SMB,East
CUST02191,Customer 2191,Consumer,East
CUST02192,Customer 2192,Corporate,South
CUST02193,Customer 2193,Corporate,East
CUST02194,Customer 2194,Consumer,South
CUST02195,Customer 2195,Corporate,West
CUST02196,Customer 2196,SMB,Central
CUST02197,Customer 2197,Consumer,North
CUST02198,Customer 2198,Consumer,Central
CUST02199,Customer 2199,Consumer,West
CUST02200,Customer 2200,Corporate,West
CUST02201,Customer 2201,Consumer,South
CUST02202,Customer 2202,SMB,South
CUST02203,Customer 2203,SMB,North
CUST02204,Customer 2204,Consumer,Central
CUST02205,Customer 2205,Consumer,East
CUST02206,Customer 2206,Corporate,South
CUST02207,Customer 2207,Corporate,East
CUST02208,Customer 2208,Consumer,North
CUST02209,Customer 2209,Consumer,North
CUST02210,Customer 2210,Consumer,East
CUST02211,Customer 2211,SMB,East
CUST02212,Customer 2212,Consumer,West
CUST02213,Customer 2213,SMB,East
CUST02214,Customer 2214,Consumer,East
CUST02215,Customer 2215,SMB,West
CUST02216,Customer 2216,Consumer,North
CUST02217,Customer 2217,Consumer,West
CUST02218,Customer 2218,SMB,West
CUST02219,Customer 2219,SMB,South
CUST02220,Customer 2220,Consumer,North
CUST02221,Customer 2221,Consumer,South
CUST02222,Customer 2222,Consumer,North
CUST02223,Customer 2223,Consumer,East
CUST02224,Customer 2224,Consumer,North
CUST02225,Customer 2225,SMB,East
CUST02226,Customer 2226,Consumer,North
CUST02227,Customer 2227,Corporate,North
CUST02228,Customer 2228,Consumer,South
CUST02229,Customer 2229,Consumer,North
CUST02230,Customer 2230,Corporate,Central
CUST02231,Customer 2231,Consumer,South
CUST02232,Customer 2232,Corporate,South
CUST02233,Customer 2233,Consumer,North
CUST02234,Customer 2234,SMB,South
CUST02235,Customer 2235,Corporate,East
CUST02236,Customer 2236,SMB,West
CUST02237,Customer 2237,Consumer,South
CUST02238,Customer 2238,Consumer,East
CUST02239,Customer 2239,Consumer,South
CUST02240,Customer 2240,Consumer,West
CUST02241,Customer 2241,Consumer,East
CUST02242,Customer 2242,Consumer,South
CUST02243,Customer 2243,Consumer,West
CUST02244,Customer 2244,Consumer,West
CUST02245,Customer 2245,Consumer,South
CUST02246,Customer 2246,Consumer,Central
CUST02247,Customer 2247,Consumer,West
CUST02248,Customer 2248,Corporate,North
CUST02249,Customer 2249,Consumer,West
CUST02250,Customer 2250,Consumer,East
CUST02251,Customer 2251,Consumer,East
CUST02252,Customer 2252,Corporate,East
CUST02253,Customer 2253,Consumer,West
CUST02254,Customer 2254,Corporate,East
CUST02255,Customer 2255,SMB,East
CUST02256,Customer 2256,Consumer,North
CUST02257,Customer 2257,SMB,South
CUST02258,Customer 2258,Corporate,Central
CUST02259,Customer 2259,Consumer,West
CUST02260,Customer 2260,Consumer,North
CUST02261,Customer 2261,Corporate,Central
CUST02262,Customer 2262,SMB,West
CUST02263,Customer 2263,Consumer,East
CUST02264,Customer 2264,Consumer,North
CUST02265,Customer 2265,Corporate,East
CUST02266,Customer 2266,Consumer,North
CUST02267,Customer 2267,Corporate,South
CUST02268,Customer 2268,Consumer,East
CUST02269,Customer 2269,Corporate,Central
CUST02270,Customer 2270,SMB,South
CUST02271,Customer 2271,Corporate,West
CUST02272,Customer 2272,Corporate,Central
CUST02273,Customer 2273,Corporate,North
CUST02274,Customer 2274,SMB,South
CUST02275,Customer 2275,SMB,West
CUST02276,Customer 2276,Consumer,West
CUST02277,Customer 2277,Corporate,South
CUST02278,Customer 2278,Consumer,East
CUST02279,Customer 2279,SMB,East
CUST02280,Customer 2280,Corporate,West
CUST02281,Customer 2281,Consumer,West
CUST02282,Customer 2282,Consumer,North
CUST02283,Customer 2283,Consumer,North
CUST02284,Customer 2284,Corporate,North
CUST02285,Customer 2285,Consumer,Central
CUST02286,Customer 2286,Consumer,Central
CUST02287,Customer 2287,SMB,West
CUST02288,Customer 2288,Corporate,North
CUST02289,Customer 2289,Consumer,East
CUST02290,Customer 2290,Consumer,North
CUST02291,Customer 2291,SMB,South
CUST02292,Customer 2292,Corporate,South
CUST02293,Customer 2293,Corporate,West
CUST02294,Customer 2294,Consumer,North
CUST02295,Customer 2295,Consumer,East
CUST02296,Customer 2296,Consumer,Central
CUST02297,Customer 2297,Corporate,West
CUST02298,Customer 2298,Consumer,North
CUST02299,Customer 2299,Consumer,Central
CUST02300,Customer 2300,Corporate,East
CUST02301,Customer 2301,SMB,South
CUST02302,Customer 2302,Corporate,East
CUST02303,Customer 2303,Consumer,West
CUST02304,Customer 2304,Consumer,South
CUST02305,Customer 2305,Consumer,East
CUST02306,Customer 2306,Consumer,South
CUST02307,Customer 2307,Consumer,North
CUST02308,Customer 2308,Consumer,West
CUST02309,Customer 2309,Corporate,North
CUST02310,Customer 2310,SMB,South
CUST02311,Customer 2311,SMB,South
CUST02312,Customer 2312,Consumer,South
CUST02313,Customer 2313,Consumer,South
CUST02314,Customer 2314,Consumer,East
CUST02315,Customer 2315,Consumer,South
CUST02316,Customer 2316,Consumer,North
CUST02317,Customer 2317,Consumer,West
CUST02318,Customer 2318,Corporate,Central
CUST02319,Customer 2319,Consumer,South
CUST02320,Customer 2320,SMB,South
CUST02321,Customer 2321,Consumer,North
CUST02322,Customer 2322,Consumer,North
CUST02323,Customer 2323,Consumer,South
CUST02324,Customer 2324,Consumer,Central
CUST02325,Customer 2325,Consumer,West
CUST02326,Customer 2326,SMB,South
CUST02327,Customer 2327,Consumer,Central
CUST02328,Customer 2328,Consumer,South
CUST02329,Customer 2329,Corporate,South
CUST02330,Customer 2330,Consumer,South
CUST02331,Customer 2331,Corporate,South
CUST02332,Customer 2332,Consumer,Central
CUST02333,Customer 2333,SMB,South
CUST02334,Customer 2334,Consumer,East
CUST02335,Customer 2335,Consumer,South
CUST02336,Customer 2336,Corporate,Central
CUST02337,Customer 2337,SMB,East
CUST02338,Customer 2338,Consumer,South
CUST02339,Customer 2339,Corporate,North
CUST02340,Customer 2340,Consumer,Central
CUST02341,Customer 2341,Consumer,East
CUST02342,Customer 2342,Consumer,South
CUST02343,Customer 2343,Corporate,West
CUST02344,Customer 2344,Consumer,North
CUST02345,Customer 2345,Corporate,South
CUST02346,Customer 2346,Consumer,East
CUST02347,Customer 2347,SMB,South
CUST02348,Customer 2348,SMB,South
CUST02349,Customer 2349,Consumer,South
CUST02350,Customer 2350,Consumer,North
CUST02351,Customer 2351,Consumer,North
CUST02352,Customer 2352,SMB,North
CUST02353,Customer 2353,Consumer,Central
CUST02354,Customer 2354,Consumer,East
CUST02355,Customer 2355,Consumer,South
CUST02356,Customer 2356,Corporate,South
CUST02357,Customer 2357,Consumer,West
CUST02358,Customer 2358,Consumer,North
CUST02359,Customer 2359,SMB,South
CUST02360,Customer 2360,Consumer,East
CUST02361,Customer 2361,SMB,South
CUST02362,Customer 2362,Consumer,West
CUST02363,Customer 2363,Consumer,Central
CUST02364,Customer 2364,SMB,West
CUST02365,Customer 2365,Corporate,North
CUST02366,Customer 2366,Corporate,North
CUST02367,Customer 2367,Consumer,North
CUST02368,Customer 2368,Consumer,West
CUST02369,Customer 2369,Consumer,Central
CUST02370,Customer 2370,Consumer,Central
CUST02371,Customer 2371,Consumer,South
CUST02372,Customer 2372,Consumer,West
CUST02373,Customer 2373,Consumer,East
CUST02374,Customer 2374,Consumer,West
CUST02375,Customer 2375,Consumer,East
CUST02376,Customer 2376,Consumer,North
CUST02377,Customer 2377,SMB,North
CUST02378,Customer 2378,Corporate,Central
CUST02379,Customer 2379,Consumer,South
CUST02380,Customer 2380,Corporate,South
CUST02381,Customer 2381,SMB,South
CUST02382,Customer 2382,Consumer,South
CUST02383,Customer 2383,Consumer,Central
CUST02384,Customer 2384,Consumer,North
CUST02385,Customer 2385,Consumer,North
CUST02386,Customer 2386,Corporate,West
CUST02387,Customer 2387,SMB,East
CUST02388,Customer 2388,Consumer,North
CUST02389,Customer 2389,Corporate,North
CUST02390,Customer 2390,Consumer,South
CUST02391,Customer 2391,Corporate,South
CUST02392,Customer 2392,Corporate,North
CUST02393,Customer 2393,Consumer,South
CUST02394,Customer 2394,Consumer,West
CUST02395,Customer 2395,Corporate,West
CUST02396,Customer 2396,SMB,Central
CUST02397,Customer 2397,Consumer,South
CUST02398,Customer 2398,Consumer,South
CUST02399,Customer 2399,Consumer,Central
CUST02400,Customer 2400,Corporate,West
CUST02401,Customer 2401,Corporate,East
CUST02402,Customer 2402,Corporate,South
CUST02403,Customer 2403,Corporate,South
CUST02404,Customer 2404,SMB,East
CUST02405,Customer 2405,SMB,East
CUST02406,Customer 2406,Consumer,North
CUST02407,Customer 2407,Corporate,Central
CUST02408,Customer 2408,Consumer,East
CUST02409,Customer 2409,Consumer,East
CUST02410,Customer 2410,SMB,South
CUST02411,Customer 2411,Corporate,West
CUST02412,Customer 2412,SMB,West
CUST02413,Customer 2413,Consumer,North
CUST02414,Customer 2414,Consumer,East
CUST02415,Customer 2415,Consumer,East
CUST02416,Customer 2416,Consumer,West
CUST02417,Customer 2417,Consumer,South
CUST02418,Customer 2418,Consumer,West
CUST02419,Customer 2419,Consumer,South
CUST02420,Customer 2420,SMB,North
CUST02421,Customer 2421,Consumer,North
CUST02422,Customer 2422,Consumer,North
CUST02423,Customer 2423,Corporate,South
CUST02424,Customer 2424,Consumer,South
CUST02425,Customer 2425,SMB,West
CUST02426,Customer 2426,Corporate,North
CUST02427,Customer 2427,Consumer,Central
CUST02428,Customer 2428,Corporate,North
CUST02429,Customer 2429,Corporate,East
CUST02430,Customer 2430,Corporate,Central
CUST02431,Customer 2431,SMB,West
CUST02432,Customer 2432,Corporate,East
CUST02433,Customer 2433,Corporate,West
CUST02434,Customer 2434,Consumer,North
CUST02435,Customer 2435,Corporate,North
CUST02436,Customer 2436,SMB,South
CUST02437,Customer 2437,Corporate,North
CUST02438,Customer 2438,Corporate,South
CUST02439,Customer 2439,Consumer,South
CUST02440,Customer 2440,Corporate,Central
CUST02441,Customer 2441,SMB,Central
CUST02442,Customer 2442,Consumer,West
CUST02443,Customer 2443,Consumer,West
CUST02444,Customer 2444,Consumer,North
CUST02445,Customer 2445,Consumer,North
CUST02446,Customer 2446,Corporate,East
CUST02447,Customer 2447,Consumer,East
CUST02448,Customer 2448,Consumer,South
CUST02449,Customer 2449,Corporate,South
CUST02450,Customer 2450,Corporate,South
CUST02451,Customer 2451,Corporate,South
CUST02452,Customer 2452,Corporate,South
CUST02453,Customer 2453,Corporate,South
CUST02454,Customer 2454,Corporate,East
CUST02455,Customer 2455,Corporate,Central
CUST02456,Customer 2456,Consumer,East
CUST02457,Customer 2457,Corporate,West
CUST02458,Customer 2458,Consumer,West
CUST02459,Customer 2459,Consumer,North
CUST02460,Customer 2460,Consumer,East
CUST02461,Customer 2461,SMB,South
CUST02462,Customer 2462,Corporate,East
CUST02463,Customer 2463,Consumer,North
CUST02464,Customer 2464,Corporate,Central
CUST02465,Customer 2465,Consumer,Central
CUST02466,Customer 2466,Corporate,North
CUST02467,Customer 2467,SMB,South
CUST02468,Customer 2468,Corporate,North
CUST02469,Customer 2469,Corporate,West
CUST02470,Customer 2470,Consumer,East
CUST02471,Customer 2471,Consumer,North
CUST02472,Customer 2472,SMB,West
CUST02473,Customer 2473,Corporate,South
CUST02474,Customer 2474,Consumer,South
CUST02475,Customer 2475,Consumer,South
CUST02476,Customer 2476,Consumer,East
CUST02477,Customer 2477,Consumer,South
CUST02478,Customer 2478,Consumer,South
CUST02479,Customer 2479,Consumer,South
CUST02480,Customer 2480,SMB,Central
CUST02481,Customer 2481,Consumer,East
CUST02482,Customer 2482,Consumer,Central
CUST02483,Customer 2483,Consumer,East
CUST02484,Customer 2484,Consumer,West
CUST02485,Customer 2485,SMB,South
CUST02486,Customer 2486,Consumer,West
CUST02487,Customer 2487,Corporate,South
CUST02488,Customer 2488,SMB,North
CUST02489,Customer 2489,Consumer,North
CUST02490,Customer 2490,Corporate,North
CUST02491,Customer 2491,SMB,Central
CUST02492,Customer 2492,Consumer,Central
CUST02493,Customer 2493,Consumer,West
CUST02494,Customer 2494,SMB,North
CUST02495,Customer 2495,SMB,Central
CUST02496,Customer 2496,Consumer,West
CUST02497,Customer 2497,Corporate,South
CUST02498,Customer 2498,Consumer,East
CUST02499,Customer 2499,SMB,East
CUST02500,Customer 2500,Consumer,North
CUST02501,Customer 2501,Consumer,East
CUST02502,Customer 2502,Corporate,West
CUST02503,Customer 2503,SMB,North
CUST02504,Customer 2504,SMB,South
CUST02505,Customer 2505,Consumer,East
CUST02506,Customer 2506,Consumer,West
CUST02507,Customer 2507,SMB,Central
CUST02508,Customer 2508,SMB,West
CUST02509,Customer 2509,Consumer,East
CUST02510,Customer 2510,Corporate,East
CUST02511,Customer 2511,Consumer,East
CUST02512,Customer 2512,Consumer,East
CUST02513,Customer 2513,Consumer,North
CUST02514,Customer 2514,Consumer,West
CUST02515,Customer 2515,Consumer,West
CUST02516,Customer 2516,SMB,East
CUST02517,Customer 2517,Consumer,West
CUST02518,Customer 2518,Consumer,East
CUST02519,Customer 2519,Consumer,South
CUST02520,Customer 2520,Consumer,North
CUST02521,Customer 2521,Consumer,North
CUST02522,Customer 2522,Corporate,South
CUST02523,Customer 2523,Consumer,South
CUST02524,Customer 2524,Corporate,North
CUST02525,Customer 2525,SMB,North
CUST02526,Customer 2526,Consumer,South
CUST02527,Customer 2527,SMB,West
CUST02528,Customer 2528,SMB,West
CUST02529,Customer 2529,SMB,South
CUST02530,Customer 2530,Corporate,North
CUST02531,Customer 2531,Corporate,North
CUST02532,Customer 2532,Corporate,North
CUST02533,Customer 2533,Corporate,South
CUST02534,Customer 2534,Consumer,North
CUST02535,Customer 2535,SMB,South
CUST02536,Customer 2536,Corporate,Central
CUST02537,Customer 2537,Corporate,East
CUST02538,Customer 2538,Consumer,West
CUST02539,Customer 2539,Consumer,North
CUST02540,Customer 2540,Consumer,South
CUST02541,Customer 2541,Consumer,Central
CUST02542,Customer 2542,Consumer,South
CUST02543,Customer 2543,Consumer,East
CUST02544,Customer 2544,Consumer,Central
CUST02545,Customer 2545,Consumer,East
CUST02546,Customer 2546,Consumer,South
CUST02547,Customer 2547,SMB,East
CUST02548,Customer 2548,Consumer,North
CUST02549,Customer 2549,Consumer,North
CUST02550,Customer 2550,Consumer,North
CUST02551,Customer 2551,Consumer,Central
CUST02552,Customer 2552,Consumer,East
CUST02553,Customer 2553,Corporate,South
CUST02554,Customer 2554,SMB,South
CUST02555,Customer 2555,Consumer,West
CUST02556,Customer 2556,Corporate,Central
CUST02557,Customer 2557,Consumer,South
CUST02558,Customer 2558,Consumer,South
CUST02559,Customer 2559,Consumer,West
CUST02560,Customer 2560,Consumer,Central
CUST02561,Customer 2561,Corporate,Central
CUST02562,Customer 2562,Corporate,South
CUST02563,Customer 2563,Corporate,North
CUST02564,Customer 2564,Consumer,South
CUST02565,Customer 2565,Corporate,South
CUST02566,Customer 2566,Consumer,Central
CUST02567,Customer 2567,Consumer,North
CUST02568,Customer 2568,Consumer,East
CUST02569,Customer 2569,Corporate,Central
CUST02570,Customer 2570,SMB,Central
CUST02571,Customer 2571,Consumer,East
CUST02572,Customer 2572,Corporate,Central
CUST02573,Customer 2573,Corporate,North
CUST02574,Customer 2574,SMB,South
CUST02575,Customer 2575,Consumer,North
CUST02576,Customer 2576,Corporate,Central
CUST02577,Customer 2577,Corporate,Central
CUST02578,Customer 2578,SMB,North
CUST02579,Customer 2579,Consumer,North
CUST02580,Customer 2580,SMB,South
CUST02581,Customer 2581,Consumer,South
CUST02582,Customer 2582,SMB,West
CUST02583,Customer 2583,Consumer,North
CUST02584,Customer 2584,Consumer,West
CUST02585,Customer 2585,Consumer,East
CUST02586,Customer 2586,Consumer,South
CUST02587,Customer 2587,Consumer,North
CUST02588,Customer 2588,Consumer,Central
CUST02589,Customer 2589,Consumer,East
CUST02590,Customer 2590,Consumer,South
CUST02591,Customer 2591,Corporate,South
CUST02592,Customer 2592,SMB,Central
CUST02593,Customer 2593,Corporate,West
CUST02594,Customer 2594,Consumer,West
CUST02595,Customer 2595,Consumer,East
CUST02596,Customer 2596,SMB,Central
CUST02597,Customer 2597,Consumer,South
CUST02598,Customer 2598,Consumer,West
CUST02599,Customer 2599,SMB,South
CUST02600,Customer 2600,SMB,East
CUST02601,Customer 2601,Consumer,Central
CUST02602,Customer 2602,Corporate,Central
CUST02603,Customer 2603,Consumer,East
CUST02604,Customer 2604,Corporate,East
CUST02605,Customer 2605,Consumer,Central
CUST02606,Customer 2606,Consumer,Central
CUST02607,Customer 2607,Corporate,West
CUST02608,Customer 2608,Consumer,North
CUST02609,Customer 2609,Corporate,South
CUST02610,Customer 2610,Consumer,Central
CUST02611,Customer 2611,SMB,West
CUST02612,Customer 2612,SMB,West
CUST02613,Customer 2613,Consumer,East
CUST02614,Customer 2614,Corporate,South
CUST02615,Customer 2615,Consumer,South
CUST02616,Customer 2616,Consumer,West
CUST02617,Customer 2617,Consumer,South
CUST02618,Customer 2618,SMB,West
CUST02619,Customer 2619,SMB,West
CUST02620,Customer 2620,SMB,West
CUST02621,Customer 2621,SMB,South
CUST02622,Customer 2622,SMB,West
CUST02623,Customer 2623,Consumer,North
CUST02624,Customer 2624,SMB,North
CUST02625,Customer 2625,Corporate,South
CUST02626,Customer 2626,Consumer,North
CUST02627,Customer 2627,Corporate,Central
CUST02628,Customer 2628,Consumer,Central
CUST02629,Customer 2629,Consumer,North
CUST02630,Customer 2630,Consumer,West
CUST02631,Customer 2631,Consumer,East
CUST02632,Customer 2632,Consumer,West
CUST02633,Customer 2633,SMB,Central
CUST02634,Customer 2634,Corporate,East
CUST02635,Customer 2635,Consumer,North
CUST02636,Customer 2636,Consumer,North
CUST02637,Customer 2637,Consumer,South
CUST02638,Customer 2638,Consumer,Central
CUST02639,Customer 2639,SMB,East
CUST02640,Customer 2640,Consumer,South
CUST02641,Customer 2641,Corporate,North
CUST02642,Customer 2642,Corporate,Central
CUST02643,Customer 2643,Corporate,South
CUST02644,Customer 2644,SMB,West
CUST02645,Customer 2645,Consumer,West
CUST02646,Customer 2646,SMB,South
CUST02647,Customer 2647,Corporate,North
CUST02648,Customer 2648,Corporate,South
CUST02649,Customer 2649,Corporate,South
CUST02650,Customer 2650,SMB,West
CUST02651,Customer 2651,SMB,West
CUST02652,Customer 2652,Consumer,South
CUST02653,Customer 2653,SMB,East
CUST02654,Customer 2654,Corporate,North
CUST02655,Customer 2655,Consumer,South
CUST02656,Customer 2656,SMB,West
CUST02657,Customer 2657,Consumer,West
CUST02658,Customer 2658,Corporate,West
CUST02659,Customer 2659,Consumer,North
CUST02660,Customer 2660,Consumer,East
CUST02661,Customer 2661,SMB,South
CUST02662,Customer 2662,Consumer,Central
CUST02663,Customer 2663,Consumer,East
CUST02664,Customer 2664,Consumer,Central
CUST02665,Customer 2665,Consumer,North
CUST02666,Customer 2666,SMB,South
CUST02667,Customer 2667,SMB,West
CUST02668,Customer 2668,Consumer,South
CUST02669,Customer 2669,Corporate,East
CUST02670,Customer 2670,Consumer,East
CUST02671,Customer 2671,Corporate,Central
CUST02672,Customer 2672,Consumer,North
CUST02673,Customer 2673,Consumer,Central
CUST02674,Customer 2674,Consumer,South
CUST02675,Customer 2675,Corporate,South
CUST02676,Customer 2676,Consumer,East
CUST02677,Customer 2677,Consumer,South
CUST02678,Customer 2678,SMB,Central
CUST02679,Customer 2679,Corporate,Central
CUST02680,Customer 2680,Consumer,Central
CUST02681,Customer 2681,SMB,Central
CUST02682,Customer 2682,SMB,East
CUST02683,Customer 2683,Consumer,South
CUST02684,Customer 2684,Corporate,West
CUST02685,Customer 2685,Consumer,North
CUST02686,Customer 2686,Corporate,West
CUST02687,Customer 2687,Consumer,South
CUST02688,Customer 2688,Corporate,East
CUST02689,Customer 2689,Consumer,South
CUST02690,Customer 2690,Consumer,South
CUST02691,Customer 2691,SMB,North
CUST02692,Customer 2692,Consumer,South
CUST02693,Customer 2693,SMB,South
CUST02694,Customer 2694,SMB,South
CUST02695,Customer 2695,SMB,South
CUST02696,Customer 2696,Consumer,East
CUST02697,Customer 2697,SMB,South
CUST02698,Customer 2698,Consumer,West
CUST02699,Customer 2699,Consumer,North
CUST02700,Customer 2700,SMB,East
CUST02701,Customer 2701,Corporate,North
CUST02702,Customer 2702,Consumer,East
CUST02703,Customer 2703,Consumer,East
CUST02704,Customer 2704,SMB,East
CUST02705,Customer 2705,Corporate,South
CUST02706,Customer 2706,Consumer,East
CUST02707,Customer 2707,SMB,North
CUST02708,Customer 2708,Consumer,South
CUST02709,Customer 2709,Consumer,South
CUST02710,Customer 2710,Corporate,East
CUST02711,Customer 2711,SMB,South
CUST02712,Customer 2712,Consumer,West
CUST02713,Customer 2713,Consumer,South
CUST02714,Customer 2714,Consumer,South
CUST02715,Customer 2715,SMB,South
CUST02716,Customer 2716,Consumer,North
CUST02717,Customer 2717,Consumer,East
CUST02718,Customer 2718,SMB,West
CUST02719,Customer 2719,Consumer,West
CUST02720,Customer 2720,Corporate,South
CUST02721,Customer 2721,Consumer,North
CUST02722,Customer 2722,SMB,West
CUST02723,Customer 2723,Consumer,North
CUST02724,Customer 2724,Consumer,South
CUST02725,Customer 2725,Consumer,West
CUST02726,Customer 2726,Corporate,South
CUST02727,Customer 2727,Corporate,North
CUST02728,Customer 2728,Consumer,South
CUST02729,Customer 2729,Consumer,East
CUST02730,Customer 2730,SMB,North
CUST02731,Customer 2731,Consumer,East
CUST02732,Customer 2732,Consumer,South
CUST02733,Customer 2733,Corporate,South
CUST02734,Customer 2734,Consumer,South
CUST02735,Customer 2735,Consumer,West
CUST02736,Customer 2736,Consumer,South
CUST02737,Customer 2737,Consumer,West
CUST02738,Customer 2738,Consumer,South
CUST02739,Customer 2739,Corporate,North
CUST02740,Customer 2740,Corporate,South
CUST02741,Customer 2741,Consumer,East
CUST02742,Customer 2742,SMB,South
CUST02743,Customer 2743,Consumer,West
CUST02744,Customer 2744,Corporate,Central
CUST02745,Customer 2745,Consumer,West
CUST02746,Customer 2746,Corporate,East
CUST02747,Customer 2747,Consumer,East
CUST02748,Customer 2748,Consumer,East
CUST02749,Customer 2749,Consumer,South
CUST02750,Customer 2750,Consumer,West
CUST02751,Customer 2751,Consumer,West
CUST02752,Customer 2752,Corporate,South
CUST02753,Customer 2753,SMB,Central
CUST02754,Customer 2754,Consumer,West
CUST02755,Customer 2755,SMB,South
CUST02756,Customer 2756,Corporate,Central
CUST02757,Customer 2757,SMB,North
CUST02758,Customer 2758,Corporate,North
CUST02759,Customer 2759,Corporate,South
CUST02760,Customer 2760,Consumer,East
CUST02761,Customer 2761,Corporate,South
CUST02762,Customer 2762,SMB,Central
CUST02763,Customer 2763,Consumer,South
CUST02764,Customer 2764,Consumer,South
CUST02765,Customer 2765,Consumer,East
CUST02766,Customer 2766,SMB,North
CUST02767,Customer 2767,Consumer,West
CUST02768,Customer 2768,Corporate,South
CUST02769,Customer 2769,SMB,Central
CUST02770,Customer 2770,SMB,West
CUST02771,Customer 2771,Consumer,North
CUST02772,Customer 2772,Corporate,North
CUST02773,Customer 2773,SMB,North
CUST02774,Customer 2774,Consumer,Central
CUST02775,Customer 2775,Corporate,West
CUST02776,Customer 2776,Consumer,South
CUST02777,Customer 2777,Corporate,South
CUST02778,Customer 2778,Consumer,West
CUST02779,Customer 2779,Consumer,South
CUST02780,Customer 2780,Consumer,West
CUST02781,Customer 2781,Consumer,West
CUST02782,Customer 2782,Consumer,South
CUST02783,Customer 2783,Corporate,East
CUST02784,Customer 2784,Consumer,South
CUST02785,Customer 2785,Consumer,South
CUST02786,Customer 2786,Corporate,Central
CUST02787,Customer 2787,Corporate,West
CUST02788,Customer 2788,Consumer,West
CUST02789,Customer 2789,SMB,East
CUST02790,Customer 2790,Consumer,South
CUST02791,Customer 2791,SMB,West
CUST02792,Customer 2792,Consumer,East
CUST02793,Customer 2793,Corporate,North
CUST02794,Customer 2794,SMB,South
CUST02795,Customer 2795,SMB,East
CUST02796,Customer 2796,Corporate,West
CUST02797,Customer 2797,Corporate,South
CUST02798,Customer 2798,Consumer,West
CUST02799,Customer 2799,Corporate,South
CUST02800,Customer 2800,Corporate,South
CUST02801,Customer 2801,SMB,North
CUST02802,Customer 2802,Consumer,West
CUST02803,Customer 2803,Consumer,South
CUST02804,Customer 2804,Corporate,South
CUST02805,Customer 2805,Consumer,South
CUST02806,Customer 2806,Consumer,West
CUST02807,Customer 2807,Consumer,West
CUST02808,Customer 2808,Corporate,South
CUST02809,Customer 2809,Consumer,Central
CUST02810,Customer 2810,Consumer,North
CUST02811,Customer 2811,Consumer,North
CUST02812,Customer 2812,SMB,East
CUST02813,Customer 2813,Corporate,West
CUST02814,Customer 2814,Consumer,South
CUST02815,Customer 2815,Consumer,East
CUST02816,Customer 2816,Corporate,South
CUST02817,Customer 2817,Consumer,East
CUST02818,Customer 2818,Corporate,East
CUST02819,Customer 2819,Consumer,Central
CUST02820,Customer 2820,SMB,South
CUST02821,Customer 2821,Consumer,East
CUST02822,Customer 2822,Corporate,East
CUST02823,Customer 2823,Consumer,South
CUST02824,Customer 2824,SMB,South
CUST02825,Customer 2825,SMB,Central
CUST02826,Customer 2826,Corporate,South
CUST02827,Customer 2827,Consumer,West
CUST02828,Customer 2828,Consumer,North
CUST02829,Customer 2829,SMB,West
CUST02830,Customer 2830,Corporate,North
CUST02831,Customer 2831,Consumer,Central
CUST02832,Customer 2832,Consumer,West
CUST02833,Customer 2833,Consumer,North
CUST02834,Customer 2834,SMB,West
CUST02835,Customer 2835,Corporate,East
CUST02836,Customer 2836,Corporate,South
CUST02837,Customer 2837,Corporate,South
CUST02838,Customer 2838,Consumer,West
CUST02839,Customer 2839,Consumer,West
CUST02840,Customer 2840,Consumer,South
CUST02841,Customer 2841,Corporate,West
CUST02842,Customer 2842,Consumer,South
CUST02843,Customer 2843,Consumer,North
CUST02844,Customer 2844,Consumer,East
CUST02845,Customer 2845,Consumer,North
CUST02846,Customer 2846,Corporate,South
CUST02847,Customer 2847,Consumer,East
CUST02848,Customer 2848,Consumer,South
CUST02849,Customer 2849,Corporate,South
CUST02850,Customer 2850,Consumer,West
CUST02851,Customer 2851,Consumer,East
CUST02852,Customer 2852,Consumer,West
CUST02853,Customer 2853,SMB,East
CUST02854,Customer 2854,Consumer,South
CUST02855,Customer 2855,Corporate,South
CUST02856,Customer 2856,SMB,West
CUST02857,Customer 2857,Corporate,North
CUST02858,Customer 2858,Consumer,South
CUST02859,Customer 2859,Corporate,West
CUST02860,Customer 2860,Consumer,West
CUST02861,Customer 2861,Consumer,East
CUST02862,Customer 2862,Consumer,North
CUST02863,Customer 2863,Consumer,North
CUST02864,Customer 2864,Consumer,South
CUST02865,Customer 2865,Consumer,West
CUST02866,Customer 2866,Consumer,South
CUST02867,Customer 2867,Consumer,North
CUST02868,Customer 2868,Corporate,North
CUST02869,Customer 2869,SMB,East
CUST02870,Customer 2870,Consumer,West
CUST02871,Customer 2871,Corporate,North
CUST02872,Customer 2872,Consumer,North
CUST02873,Customer 2873,Consumer,South
CUST02874,Customer 2874,Consumer,North
CUST02875,Customer 2875,Consumer,East
CUST02876,Customer 2876,Consumer,North
CUST02877,Customer 2877,Consumer,East
CUST02878,Customer 2878,Consumer,West
CUST02879,Customer 2879,Consumer,Central
CUST02880,Customer 2880,Consumer,Central
CUST02881,Customer 2881,Consumer,South
CUST02882,Customer 2882,Consumer,North
CUST02883,Customer 2883,Consumer,South
CUST02884,Customer 2884,Consumer,West
CUST02885,Customer 2885,Consumer,North
CUST02886,Customer 2886,Consumer,South
CUST02887,Customer 2887,Consumer,South
CUST02888,Customer 2888,SMB,South
CUST02889,Customer 2889,Consumer,West
CUST02890,Customer 2890,Consumer,East
CUST02891,Customer 2891,Consumer,East
CUST02892,Customer 2892,SMB,Central
CUST02893,Customer 2893,Corporate,North
CUST02894,Customer 2894,Corporate,North
CUST02895,Customer 2895,SMB,South
CUST02896,Customer 2896,Consumer,East
CUST02897,Customer 2897,SMB,East
CUST02898,Customer 2898,Consumer,North
CUST02899,Customer 2899,Corporate,Central
CUST02900,Customer 2900,Consumer,South
CUST02901,Customer 2901,Consumer,South
CUST02902,Customer 2902,SMB,East
CUST02903,Customer 2903,Consumer,Central
CUST02904,Customer 2904,SMB,East
CUST02905,Customer 2905,Consumer,Central
CUST02906,Customer 2906,Corporate,North
CUST02907,Customer 2907,SMB,East
CUST02908,Customer 2908,Consumer,West
CUST02909,Customer 2909,SMB,East
CUST02910,Customer 2910,Corporate,South
CUST02911,Customer 2911,Corporate,Central
CUST02912,Customer 2912,Consumer,North
CUST02913,Customer 2913,Consumer,South
CUST02914,Customer 2914,Corporate,West
CUST02915,Customer 2915,Consumer,Central
CUST02916,Customer 2916,Consumer,Central
CUST02917,Customer 2917,Consumer,Central
CUST02918,Customer 2918,SMB,North
CUST02919,Customer 2919,Consumer,Central
CUST02920,Customer 2920,Corporate,South
CUST02921,Customer 2921,SMB,East
CUST02922,Customer 2922,Consumer,South
CUST02923,Customer 2923,Consumer,West
CUST02924,Customer 2924,Corporate,East
CUST02925,Customer 2925,Consumer,West
CUST02926,Customer 2926,Corporate,North
CUST02927,Customer 2927,Corporate,North
CUST02928,Customer 2928,Corporate,South
CUST02929,Customer 2929,Consumer,North
CUST02930,Customer 2930,Corporate,West
CUST02931,Customer 2931,Corporate,South
CUST02932,Customer 2932,Consumer,East
CUST02933,Customer 2933,Corporate,North
CUST02934,Customer 2934,SMB,North
CUST02935,Customer 2935,Corporate,East
CUST02936,Customer 2936,Consumer,South
CUST02937,Customer 2937,Consumer,South
CUST02938,Customer 2938,Consumer,South
CUST02939,Customer 2939,Consumer,South
CUST02940,Customer 2940,Consumer,East
CUST02941,Customer 2941,SMB,North
CUST02942,Customer 2942,Consumer,South
CUST02943,Customer 2943,SMB,West
CUST02944,Customer 2944,Consumer,East
CUST02945,Customer 2945,Consumer,East
CUST02946,Customer 2946,Consumer,South
CUST02947,Customer 2947,Consumer,Central
CUST02948,Customer 2948,Corporate,South
CUST02949,Customer 2949,SMB,South
CUST02950,Customer 2950,SMB,Central
CUST02951,Customer 2951,Consumer,East
CUST02952,Customer 2952,Corporate,East
CUST02953,Customer 2953,Consumer,Central
CUST02954,Customer 2954,SMB,North
CUST02955,Customer 2955,Consumer,West
CUST02956,Customer 2956,Consumer,East
CUST02957,Customer 2957,Consumer,South
CUST02958,Customer 2958,Consumer,South
CUST02959,Customer 2959,Consumer,North
CUST02960,Customer 2960,SMB,Central
CUST02961,Customer 2961,Corporate,North
CUST02962,Customer 2962,SMB,South
CUST02963,Customer 2963,Consumer,West
CUST02964,Customer 2964,Corporate,West
CUST02965,Customer 2965,Consumer,North
CUST02966,Customer 2966,Consumer,West
CUST02967,Customer 2967,Consumer,East
CUST02968,Customer 2968,Consumer,West
CUST02969,Customer 2969,Corporate,North
CUST02970,Customer 2970,Consumer,North
CUST02971,Customer 2971,Consumer,East
CUST02972,Customer 2972,Corporate,North
CUST02973,Customer 2973,Consumer,East
CUST02974,Customer 2974,SMB,North
CUST02975,Customer 2975,Consumer,West
CUST02976,Customer 2976,SMB,Central
CUST02977,Customer 2977,Corporate,West
CUST02978,Customer 2978,Corporate,Central
CUST02979,Customer 2979,Corporate,Central
CUST02980,Customer 2980,SMB,South
CUST02981,Customer 2981,Corporate,South
CUST02982,Customer 2982,Consumer,Central
CUST02983,Customer 2983,Consumer,Central
CUST02984,Customer 2984,Corporate,Central
CUST02985,Customer 2985,Consumer,West
CUST02986,Customer 2986,Consumer,South
CUST02987,Customer 2987,Consumer,Central
CUST02988,Customer 2988,Consumer,Central
CUST02989,Customer 2989,Consumer,East
CUST02990,Customer 2990,Corporate,West
CUST02991,Customer 2991,Corporate,East
CUST02992,Customer 2992,SMB,Central
CUST02993,Customer 2993,Consumer,North
CUST02994,Customer 2994,Consumer,West
CUST02995,Customer 2995,Corporate,North
CUST02996,Customer 2996,Consumer,South
CUST02997,Customer 2997,Corporate,North
CUST02998,Customer 2998,Consumer,South
CUST02999,Customer 2999,SMB,South
CUST03000,Customer 3000,Consumer,Central
CUST03001,Customer 3001,SMB,East
CUST03002,Customer 3002,Corporate,Central
CUST03003,Customer 3003,Consumer,South
CUST03004,Customer 3004,Corporate,North
CUST03005,Customer 3005,Consumer,West
CUST03006,Customer 3006,Corporate,West
CUST03007,Customer 3007,Corporate,East
CUST03008,Customer 3008,Consumer,West
CUST03009,Customer 3009,Consumer,West
CUST03010,Customer 3010,Corporate,East
CUST03011,Customer 3011,Consumer,Central
CUST03012,Customer 3012,SMB,West
CUST03013,Customer 3013,Corporate,East
CUST03014,Customer 3014,Corporate,South
CUST03015,Customer 3015,Consumer,North
CUST03016,Customer 3016,Corporate,South
CUST03017,Customer 3017,SMB,West
CUST03018,Customer 3018,Consumer,West
CUST03019,Customer 3019,Consumer,South
CUST03020,Customer 3020,Consumer,East
CUST03021,Customer 3021,Consumer,North
CUST03022,Customer 3022,Corporate,South
CUST03023,Customer 3023,Consumer,Central
CUST03024,Customer 3024,Corporate,South
CUST03025,Customer 3025,Consumer,South
CUST03026,Customer 3026,Consumer,South
CUST03027,Customer 3027,Consumer,South
CUST03028,Customer 3028,SMB,West
CUST03029,Customer 3029,Corporate,Central
CUST03030,Customer 3030,Consumer,East
CUST03031,Customer 3031,Corporate,East
CUST03032,Customer 3032,Consumer,South
CUST03033,Customer 3033,Consumer,East
CUST03034,Customer 3034,Consumer,South
CUST03035,Customer 3035,SMB,North
CUST03036,Customer 3036,Corporate,West
CUST03037,Customer 3037,Corporate,South
CUST03038,Customer 3038,Consumer,South
CUST03039,Customer 3039,Consumer,North
CUST03040,Customer 3040,Corporate,West
CUST03041,Customer 3041,Consumer,North
CUST03042,Customer 3042,SMB,South
CUST03043,Customer 3043,Corporate,West
CUST03044,Customer 3044,Consumer,South
CUST03045,Customer 3045,Corporate,Central
CUST03046,Customer 3046,SMB,South
CUST03047,Customer 3047,Consumer,West
CUST03048,Customer 3048,Corporate,Central
CUST03049,Customer 3049,SMB,East
CUST03050,Customer 3050,Consumer,West
CUST03051,Customer 3051,SMB,South
CUST03052,Customer 3052,Consumer,West
CUST03053,Customer 3053,Corporate,Central
CUST03054,Customer 3054,Corporate,West
CUST03055,Customer 3055,Corporate,Central
CUST03056,Customer 3056,Consumer,East
CUST03057,Customer 3057,Corporate,East
CUST03058,Customer 3058,Consumer,South
CUST03059,Customer 3059,Consumer,West
CUST03060,Customer 3060,Consumer,Central
CUST03061,Customer 3061,Corporate,East
CUST03062,Customer 3062,Consumer,South
CUST03063,Customer 3063,Consumer,East
CUST03064,Customer 3064,SMB,West
CUST03065,Customer 3065,Consumer,Central
CUST03066,Customer 3066,Consumer,North
CUST03067,Customer 3067,Consumer,North
CUST03068,Customer 3068,Consumer,South
CUST03069,Customer 3069,Corporate,North
CUST03070,Customer 3070,Consumer,Central
CUST03071,Customer 3071,Consumer,South
CUST03072,Customer 3072,SMB,East
CUST03073,Customer 3073,SMB,South
CUST03074,Customer 3074,Corporate,South
CUST03075,Customer 3075,SMB,Central
CUST03076,Customer 3076,SMB,South
CUST03077,Customer 3077,Consumer,North
CUST03078,Customer 3078,Corporate,South
CUST03079,Customer 3079,Corporate,Central
CUST03080,Customer 3080,Consumer,Central
CUST03081,Customer 3081,Consumer,South
CUST03082,Customer 3082,Consumer,East
CUST03083,Customer 3083,Corporate,North
CUST03084,Customer 3084,Corporate,East
CUST03085,Customer 3085,Corporate,North
CUST03086,Customer 3086,Consumer,West
CUST03087,Customer 3087,Consumer,Central
CUST03088,Customer 3088,Consumer,North
CUST03089,Customer 3089,Consumer,South
CUST03090,Customer 3090,SMB,North
CUST03091,Customer 3091,SMB,South
CUST03092,Customer 3092,SMB,North
CUST03093,Customer 3093,SMB,South
CUST03094,Customer 3094,SMB,Central
CUST03095,Customer 3095,Consumer,North
CUST03096,Customer 3096,Consumer,West
CUST03097,Customer 3097,Consumer,North
CUST03098,Customer 3098,Consumer,East
CUST03099,Customer 3099,Consumer,South
CUST03100,Customer 3100,Consumer,Central
CUST03101,Customer 3101,SMB,North
CUST03102,Customer 3102,Consumer,North
CUST03103,Customer 3103,SMB,West
CUST03104,Customer 3104,Corporate,West
CUST03105,Customer 3105,Corporate,West
CUST03106,Customer 3106,Corporate,North
CUST03107,Customer 3107,Consumer,South
CUST03108,Customer 3108,Corporate,West
CUST03109,Customer 3109,Consumer,East
CUST03110,Customer 3110,SMB,East
CUST03111,Customer 3111,Consumer,South
CUST03112,Customer 3112,Consumer,South
CUST03113,Customer 3113,Corporate,Central
CUST03114,Customer 3114,Corporate,West
CUST03115,Customer 3115,Consumer,North
CUST03116,Customer 3116,Corporate,Central
CUST03117,Customer 3117,Consumer,East
CUST03118,Customer 3118,Corporate,South
CUST03119,Customer 3119,Consumer,South
CUST03120,Customer 3120,Consumer,West
CUST03121,Customer 3121,Consumer,South
CUST03122,Customer 3122,Consumer,East
CUST03123,Customer 3123,Consumer,West
CUST03124,Customer 3124,Consumer,North
CUST03125,Customer 3125,Consumer,Central
CUST03126,Customer 3126,Consumer,South
CUST03127,Customer 3127,Consumer,South
CUST03128,Customer 3128,Consumer,West
CUST03129,Customer 3129,Corporate,East
CUST03130,Customer 3130,SMB,South
CUST03131,Customer 3131,Consumer,East
CUST03132,Customer 3132,SMB,Central
CUST03133,Customer 3133,Consumer,West
CUST03134,Customer 3134,Consumer,West
CUST03135,Customer 3135,Corporate,South
CUST03136,Customer 3136,Corporate,South
CUST03137,Customer 3137,SMB,East
CUST03138,Customer 3138,Consumer,North
CUST03139,Customer 3139,Corporate,West
CUST03140,Customer 3140,Consumer,South
CUST03141,Customer 3141,Consumer,South
CUST03142,Customer 3142,Consumer,South
CUST03143,Customer 3143,SMB,South
CUST03144,Customer 3144,Consumer,South
CUST03145,Customer 3145,SMB,East
CUST03146,Customer 3146,Corporate,East
CUST03147,Customer 3147,Corporate,South
CUST03148,Customer 3148,Corporate,South
CUST03149,Customer 3149,SMB,West
CUST03150,Customer 3150,Consumer,North
CUST03151,Customer 3151,Consumer,East
CUST03152,Customer 3152,Corporate,East
CUST03153,Customer 3153,Consumer,East
CUST03154,Customer 3154,Consumer,Central
CUST03155,Customer 3155,Consumer,East
CUST03156,Customer 3156,Consumer,Central
CUST03157,Customer 3157,Consumer,West
CUST03158,Customer 3158,Consumer,South
CUST03159,Customer 3159,SMB,South
CUST03160,Customer 3160,Consumer,South
CUST03161,Customer 3161,SMB,South
CUST03162,Customer 3162,SMB,East
CUST03163,Customer 3163,Consumer,South
CUST03164,Customer 3164,Corporate,South
CUST03165,Customer 3165,Corporate,South
CUST03166,Customer 3166,Corporate,East
CUST03167,Customer 3167,Consumer,West
CUST03168,Customer 3168,Consumer,Central
CUST03169,Customer 3169,Consumer,South
CUST03170,Customer 3170,Corporate,South
CUST03171,Customer 3171,SMB,Central
CUST03172,Customer 3172,Corporate,West
CUST03173,Customer 3173,Corporate,East
CUST03174,Customer 3174,SMB,East
CUST03175,Customer 3175,Corporate,North
CUST03176,Customer 3176,Consumer,Central
CUST03177,Customer 3177,SMB,East
CUST03178,Customer 3178,Consumer,East
CUST03179,Customer 3179,Consumer,East
CUST03180,Customer 3180,Consumer,South
CUST03181,Customer 3181,SMB,South
CUST03182,Customer 3182,Consumer,West
CUST03183,Customer 3183,Consumer,East
CUST03184,Customer 3184,Consumer,North
CUST03185,Customer 3185,Consumer,South
CUST03186,Customer 3186,Consumer,Central
CUST03187,Customer 3187,Corporate,South
CUST03188,Customer 3188,SMB,South
CUST03189,Customer 3189,Consumer,East
CUST03190,Customer 3190,Consumer,West
CUST03191,Customer 3191,Consumer,East
CUST03192,Customer 3192,Consumer,West
CUST03193,Customer 3193,Corporate,North
CUST03194,Customer 3194,Corporate,Central
CUST03195,Customer 3195,Corporate,Central
CUST03196,Customer 3196,Consumer,East
CUST03197,Customer 3197,Corporate,East
CUST03198,Customer 3198,Consumer,South
CUST03199,Customer 3199,Consumer,South
CUST03200,Customer 3200,SMB,South
CUST03201,Customer 3201,Corporate,North
CUST03202,Customer 3202,SMB,Central
CUST03203,Customer 3203,SMB,South
CUST03204,Customer 3204,Corporate,East
CUST03205,Customer 3205,SMB,South
CUST03206,Customer 3206,Consumer,South
CUST03207,Customer 3207,Consumer,South
CUST03208,Customer 3208,Consumer,South
CUST03209,Customer 3209,Consumer,East
CUST03210,Customer 3210,Consumer,Central
CUST03211,Customer 3211,Consumer,South
CUST03212,Customer 3212,Corporate,Central
CUST03213,Customer 3213,Corporate,East
CUST03214,Customer 3214,Corporate,East
CUST03215,Customer 3215,Consumer,South
CUST03216,Customer 3216,Corporate,North
CUST03217,Customer 3217,Consumer,West
CUST03218,Customer 3218,Consumer,East
CUST03219,Customer 3219,Consumer,South
CUST03220,Customer 3220,Consumer,West
CUST03221,Customer 3221,Consumer,South
CUST03222,Customer 3222,SMB,West
CUST03223,Customer 3223,Corporate,South
CUST03224,Customer 3224,Corporate,Central
CUST03225,Customer 3225,Consumer,South
CUST03226,Customer 3226,SMB,North
CUST03227,Customer 3227,Corporate,West
CUST03228,Customer 3228,Consumer,North
CUST03229,Customer 3229,Corporate,Central
CUST03230,Customer 3230,Consumer,East
CUST03231,Customer 3231,Consumer,South
CUST03232,Customer 3232,Consumer,South
CUST03233,Customer 3233,Consumer,Central
CUST03234,Customer 3234,Consumer,East
CUST03235,Customer 3235,Consumer,Central
CUST03236,Customer 3236,Consumer,North
CUST03237,Customer 3237,SMB,Central
CUST03238,Customer 3238,Consumer,East
CUST03239,Customer 3239,Consumer,East
CUST03240,Customer 3240,Consumer,South
CUST03241,Customer 3241,SMB,North
CUST03242,Customer 3242,Corporate,Central
CUST03243,Customer 3243,SMB,Central
CUST03244,Customer 3244,Consumer,South
CUST03245,Customer 3245,Consumer,Central
CUST03246,Customer 3246,Corporate,North
CUST03247,Customer 3247,Consumer,North
CUST03248,Customer 3248,SMB,North
CUST03249,Customer 3249,SMB,South
CUST03250,Customer 3250,Consumer,North
CUST03251,Customer 3251,SMB,South
CUST03252,Customer 3252,Corporate,North
CUST03253,Customer 3253,Consumer,West
CUST03254,Customer 3254,Consumer,West
CUST03255,Customer 3255,Consumer,West
CUST03256,Customer 3256,SMB,South
CUST03257,Customer 3257,Consumer,West
CUST03258,Customer 3258,Consumer,South
CUST03259,Customer 3259,Corporate,West
CUST03260,Customer 3260,Consumer,East
CUST03261,Customer 3261,Consumer,South
CUST03262,Customer 3262,Corporate,North
CUST03263,Customer 3263,Consumer,West
CUST03264,Customer 3264,Consumer,Central
CUST03265,Customer 3265,Consumer,East
CUST03266,Customer 3266,Consumer,Central
CUST03267,Customer 3267,Consumer,Central
CUST03268,Customer 3268,Corporate,North
CUST03269,Customer 3269,SMB,West
CUST03270,Customer 3270,Consumer,South
CUST03271,Customer 3271,SMB,South
CUST03272,Customer 3272,Corporate,North
CUST03273,Customer 3273,Corporate,Central
CUST03274,Customer 3274,Corporate,West
CUST03275,Customer 3275,Corporate,South
CUST03276,Customer 3276,SMB,South
CUST03277,Customer 3277,Consumer,South
CUST03278,Customer 3278,Consumer,West
CUST03279,Customer 3279,Consumer,Central
CUST03280,Customer 3280,Consumer,South
CUST03281,Customer 3281,Corporate,South
CUST03282,Customer 3282,Consumer,East
CUST03283,Customer 3283,Consumer,South
CUST03284,Customer 3284,Consumer,East
CUST03285,Customer 3285,Consumer,North
CUST03286,Customer 3286,Corporate,North
CUST03287,Customer 3287,Corporate,South
CUST03288,Customer 3288,Consumer,Central
CUST03289,Customer 3289,Consumer,South
CUST03290,Customer 3290,Consumer,South
CUST03291,Customer 3291,Consumer,West
CUST03292,Customer 3292,Corporate,Central
CUST03293,Customer 3293,Corporate,South
CUST03294,Customer 3294,Consumer,North
CUST03295,Customer 3295,Consumer,West
CUST03296,Customer 3296,SMB,South
CUST03297,Customer 3297,Corporate,East
CUST03298,Customer 3298,Consumer,South
CUST03299,Customer 3299,Consumer,North
CUST03300,Customer 3300,Consumer,South
CUST03301,Customer 3301,SMB,West
CUST03302,Customer 3302,Consumer,South
CUST03303,Customer 3303,Consumer,South
CUST03304,Customer 3304,SMB,South
CUST03305,Customer 3305,Corporate,West
CUST03306,Customer 3306,Consumer,North
CUST03307,Customer 3307,Consumer,West
CUST03308,Customer 3308,Consumer,East
CUST03309,Customer 3309,Corporate,South
CUST03310,Customer 3310,Consumer,Central
CUST03311,Customer 3311,SMB,Central
CUST03312,Customer 3312,SMB,South
CUST03313,Customer 3313,Consumer,North
CUST03314,Customer 3314,Corporate,South
CUST03315,Customer 3315,Consumer,South
CUST03316,Customer 3316,Consumer,East
CUST03317,Customer 3317,Corporate,Central
CUST03318,Customer 3318,Consumer,West
CUST03319,Customer 3319,Consumer,South
CUST03320,Customer 3320,Consumer,South
CUST03321,Customer 3321,Consumer,North
CUST03322,Customer 3322,Consumer,East
CUST03323,Customer 3323,Corporate,North
CUST03324,Customer 3324,SMB,Central
CUST03325,Customer 3325,Corporate,West
CUST03326,Customer 3326,SMB,South
CUST03327,Customer 3327,Consumer,West
CUST03328,Customer 3328,SMB,East
CUST03329,Customer 3329,Consumer,West
CUST03330,Customer 3330,Consumer,South
CUST03331,Customer 3331,SMB,North
CUST03332,Customer 3332,Consumer,East
CUST03333,Customer 3333,Consumer,North
CUST03334,Customer 3334,Consumer,East
CUST03335,Customer 3335,Consumer,South
CUST03336,Customer 3336,Consumer,West
CUST03337,Customer 3337,Consumer,West
CUST03338,Customer 3338,SMB,North
CUST03339,Customer 3339,Consumer,South
CUST03340,Customer 3340,Consumer,West
CUST03341,Customer 3341,Consumer,North
CUST03342,Customer 3342,SMB,East
CUST03343,Customer 3343,Consumer,East
CUST03344,Customer 3344,Consumer,South
CUST03345,Customer 3345,Consumer,West
CUST03346,Customer 3346,Corporate,East
CUST03347,Customer 3347,Corporate,East
CUST03348,Customer 3348,Corporate,North
CUST03349,Customer 3349,Corporate,North
CUST03350,Customer 3350,Consumer,North
CUST03351,Customer 3351,Consumer,Central
CUST03352,Customer 3352,Consumer,Central
CUST03353,Customer 3353,Consumer,West
CUST03354,Customer 3354,Consumer,North
CUST03355,Customer 3355,Consumer,East
CUST03356,Customer 3356,Consumer,West
CUST03357,Customer 3357,Corporate,East
CUST03358,Customer 3358,Consumer,North
CUST03359,Customer 3359,Corporate,Central
CUST03360,Customer 3360,Corporate,North
CUST03361,Customer 3361,Consumer,North
CUST03362,Customer 3362,Consumer,Central
CUST03363,Customer 3363,Corporate,South
CUST03364,Customer 3364,Corporate,South
CUST03365,Customer 3365,Consumer,East
CUST03366,Customer 3366,Consumer,Central
CUST03367,Customer 3367,Corporate,North
CUST03368,Customer 3368,Corporate,West
CUST03369,Customer 3369,Consumer,South
CUST03370,Customer 3370,Consumer,North
CUST03371,Customer 3371,SMB,South
CUST03372,Customer 3372,Consumer,East
CUST03373,Customer 3373,SMB,South
CUST03374,Customer 3374,Consumer,South
CUST03375,Customer 3375,Consumer,East
CUST03376,Customer 3376,Consumer,East
CUST03377,Customer 3377,Consumer,West
CUST03378,Customer 3378,SMB,West
CUST03379,Customer 3379,Consumer,South
CUST03380,Customer 3380,SMB,South
CUST03381,Customer 3381,Consumer,South
CUST03382,Customer 3382,SMB,East
CUST03383,Customer 3383,SMB,North
CUST03384,Customer 3384,Corporate,South
CUST03385,Customer 3385,Consumer,North
CUST03386,Customer 3386,Corporate,South
CUST03387,Customer 3387,Consumer,Central
CUST03388,Customer 3388,SMB,East
CUST03389,Customer 3389,Consumer,South
CUST03390,Customer 3390,Consumer,East
CUST03391,Customer 3391,Consumer,East
CUST03392,Customer 3392,Corporate,South
CUST03393,Customer 3393,SMB,South
CUST03394,Customer 3394,Consumer,West
CUST03395,Customer 3395,Corporate,North
CUST03396,Customer 3396,SMB,East
CUST03397,Customer 3397,Consumer,East
CUST03398,Customer 3398,Consumer,West
CUST03399,Customer 3399,Corporate,Central
CUST03400,Customer 3400,Corporate,West
CUST03401,Customer 3401,Consumer,East
CUST03402,Customer 3402,SMB,North
CUST03403,Customer 3403,Consumer,East
CUST03404,Customer 3404,SMB,West
CUST03405,Customer 3405,SMB,Central
CUST03406,Customer 3406,SMB,West
CUST03407,Customer 3407,Consumer,North
CUST03408,Customer 3408,Consumer,West
CUST03409,Customer 3409,Consumer,Central
CUST03410,Customer 3410,Consumer,West
CUST03411,Customer 3411,Corporate,West
CUST03412,Customer 3412,Consumer,East
CUST03413,Customer 3413,Consumer,East
CUST03414,Customer 3414,Consumer,South
CUST03415,Customer 3415,Consumer,North
CUST03416,Customer 3416,Consumer,West
CUST03417,Customer 3417,Corporate,Central
CUST03418,Customer 3418,Corporate,West
CUST03419,Customer 3419,Consumer,South
CUST03420,Customer 3420,SMB,North
CUST03421,Customer 3421,SMB,South
CUST03422,Customer 3422,Consumer,West
CUST03423,Customer 3423,Corporate,East
CUST03424,Customer 3424,Consumer,Central
CUST03425,Customer 3425,Consumer,South
CUST03426,Customer 3426,Consumer,East
CUST03427,Customer 3427,Consumer,West
CUST03428,Customer 3428,SMB,South
CUST03429,Customer 3429,SMB,Central
CUST03430,Customer 3430,SMB,East
CUST03431,Customer 3431,Corporate,North
CUST03432,Customer 3432,Corporate,North
CUST03433,Customer 3433,SMB,Central
CUST03434,Customer 3434,Consumer,East
CUST03435,Customer 3435,Consumer,West
CUST03436,Customer 3436,Corporate,West
CUST03437,Customer 3437,Consumer,South
CUST03438,Customer 3438,Consumer,West
CUST03439,Customer 3439,Consumer,Central
CUST03440,Customer 3440,Corporate,North
CUST03441,Customer 3441,Consumer,West
CUST03442,Customer 3442,Consumer,South
CUST03443,Customer 3443,Consumer,South
CUST03444,Customer 3444,Consumer,South
CUST03445,Customer 3445,SMB,West
CUST03446,Customer 3446,Consumer,North
CUST03447,Customer 3447,Corporate,South
CUST03448,Customer 3448,Corporate,West
CUST03449,Customer 3449,Consumer,North
CUST03450,Customer 3450,SMB,West
CUST03451,Customer 3451,Corporate,Central
CUST03452,Customer 3452,Corporate,North
CUST03453,Customer 3453,Consumer,North
CUST03454,Customer 3454,Consumer,Central
CUST03455,Customer 3455,SMB,North
CUST03456,Customer 3456,Corporate,North
CUST03457,Customer 3457,SMB,Central
CUST03458,Customer 3458,SMB,Central
CUST03459,Customer 3459,Consumer,East
CUST03460,Customer 3460,Corporate,East
CUST03461,Customer 3461,Consumer,Central
CUST03462,Customer 3462,Corporate,East
CUST03463,Customer 3463,Consumer,East
CUST03464,Customer 3464,Consumer,West
CUST03465,Customer 3465,Corporate,East
CUST03466,Customer 3466,Corporate,East
CUST03467,Customer 3467,Corporate,South
CUST03468,Customer 3468,Consumer,East
CUST03469,Customer 3469,Consumer,East
CUST03470,Customer 3470,SMB,South
CUST03471,Customer 3471,Consumer,South
CUST03472,Customer 3472,Consumer,West
CUST03473,Customer 3473,Corporate,South
CUST03474,Customer 3474,Consumer,North
CUST03475,Customer 3475,Corporate,South
CUST03476,Customer 3476,Consumer,South
CUST03477,Customer 3477,SMB,West
CUST03478,Customer 3478,SMB,South
CUST03479,Customer 3479,SMB,South
CUST03480,Customer 3480,Corporate,West
CUST03481,Customer 3481,Consumer,North
CUST03482,Customer 3482,Corporate,North
CUST03483,Customer 3483,SMB,West
CUST03484,Customer 3484,Corporate,East
CUST03485,Customer 3485,Corporate,West
CUST03486,Customer 3486,Corporate,West
CUST03487,Customer 3487,Corporate,Central
CUST03488,Customer 3488,Corporate,North
CUST03489,Customer 3489,Consumer,West
CUST03490,Customer 3490,Consumer,West
CUST03491,Customer 3491,Corporate,South
CUST03492,Customer 3492,Consumer,Central
CUST03493,Customer 3493,SMB,South
CUST03494,Customer 3494,Corporate,Central
CUST03495,Customer 3495,Consumer,East
CUST03496,Customer 3496,SMB,East
CUST03497,Customer 3497,Corporate,North
CUST03498,Customer 3498,Corporate,Central
CUST03499,Customer 3499,Consumer,East
CUST03500,Customer 3500,SMB,North
CUST03501,Customer 3501,Consumer,North
CUST03502,Customer 3502,Corporate,West
CUST03503,Customer 3503,Consumer,North
CUST03504,Customer 3504,Corporate,East
CUST03505,Customer 3505,Corporate,West
CUST03506,Customer 3506,Corporate,South
CUST03507,Customer 3507,Consumer,East
CUST03508,Customer 3508,SMB,South
CUST03509,Customer 3509,Corporate,Central
CUST03510,Customer 3510,Consumer,West
CUST03511,Customer 3511,SMB,South
CUST03512,Customer 3512,Corporate,East
CUST03513,Customer 3513,SMB,East
CUST03514,Customer 3514,SMB,Central
CUST03515,Customer 3515,SMB,South
CUST03516,Customer 3516,Corporate,East
CUST03517,Customer 3517,Corporate,Central
CUST03518,Customer 3518,Consumer,North
CUST03519,Customer 3519,Consumer,East
CUST03520,Customer 3520,Corporate,North
CUST03521,Customer 3521,Consumer,East
CUST03522,Customer 3522,SMB,South
CUST03523,Customer 3523,Consumer,Central
CUST03524,Customer 3524,Consumer,South
CUST03525,Customer 3525,Consumer,North
CUST03526,Customer 3526,Consumer,West
CUST03527,Customer 3527,Consumer,West
CUST03528,Customer 3528,Consumer,West
CUST03529,Customer 3529,SMB,West
CUST03530,Customer 3530,Consumer,South
CUST03531,Customer 3531,Consumer,East
CUST03532,Customer 3532,Consumer,North
CUST03533,Customer 3533,Consumer,North
CUST03534,Customer 3534,Consumer,Central
CUST03535,Customer 3535,Corporate,West
CUST03536,Customer 3536,Corporate,South
CUST03537,Customer 3537,Consumer,North
CUST03538,Customer 3538,Corporate,Central
CUST03539,Customer 3539,Consumer,North
CUST03540,Customer 3540,Consumer,South
CUST03541,Customer 3541,SMB,North
CUST03542,Customer 3542,Consumer,North
CUST03543,Customer 3543,SMB,South
CUST03544,Customer 3544,Consumer,Central
CUST03545,Customer 3545,Consumer,South
CUST03546,Customer 3546,Consumer,East
CUST03547,Customer 3547,Consumer,West
CUST03548,Customer 3548,SMB,East
CUST03549,Customer 3549,Consumer,West
CUST03550,Customer 3550,SMB,East
CUST03551,Customer 3551,SMB,East
CUST03552,Customer 3552,Corporate,East
CUST03553,Customer 3553,Consumer,West
CUST03554,Customer 3554,Consumer,West
CUST03555,Customer 3555,Consumer,West
CUST03556,Customer 3556,Corporate,North
CUST03557,Customer 3557,Consumer,East
CUST03558,Customer 3558,SMB,West
CUST03559,Customer 3559,Corporate,South
CUST03560,Customer 3560,Consumer,West
CUST03561,Customer 3561,Corporate,South
CUST03562,Customer 3562,Consumer,South
CUST03563,Customer 3563,SMB,West
CUST03564,Customer 3564,Consumer,South
CUST03565,Customer 3565,SMB,South
CUST03566,Customer 3566,SMB,South
CUST03567,Customer 3567,SMB,Central
CUST03568,Customer 3568,Consumer,South
CUST03569,Customer 3569,SMB,West
CUST03570,Customer 3570,Consumer,West
CUST03571,Customer 3571,Corporate,East
CUST03572,Customer 3572,Consumer,Central
CUST03573,Customer 3573,Consumer,West
CUST03574,Customer 3574,Consumer,South
CUST03575,Customer 3575,Consumer,Central
CUST03576,Customer 3576,Consumer,East
CUST03577,Customer 3577,SMB,North
CUST03578,Customer 3578,Consumer,South
CUST03579,Customer 3579,Corporate,East
CUST03580,Customer 3580,Consumer,North
CUST03581,Customer 3581,Corporate,East
CUST03582,Customer 3582,Corporate,South
CUST03583,Customer 3583,Consumer,East
CUST03584,Customer 3584,Corporate,North
CUST03585,Customer 3585,SMB,West
CUST03586,Customer 3586,SMB,South
CUST03587,Customer 3587,Consumer,North
CUST03588,Customer 3588,Consumer,South
CUST03589,Customer 3589,Corporate,South
CUST03590,Customer 3590,Consumer,East
CUST03591,Customer 3591,SMB,East
CUST03592,Customer 3592,Consumer,North
CUST03593,Customer 3593,SMB,West
CUST03594,Customer 3594,Consumer,South
CUST03595,Customer 3595,Consumer,North
CUST03596,Customer 3596,SMB,West
CUST03597,Customer 3597,SMB,East
CUST03598,Customer 3598,SMB,East
CUST03599,Customer 3599,SMB,South
CUST03600,Customer 3600,Consumer,South
CUST03601,Customer 3601,Consumer,East
CUST03602,Customer 3602,Consumer,North
CUST03603,Customer 3603,Consumer,South
CUST03604,Customer 3604,Consumer,Central
CUST03605,Customer 3605,SMB,East
CUST03606,Customer 3606,Consumer,South
CUST03607,Customer 3607,Consumer,South
CUST03608,Customer 3608,Consumer,West
CUST03609,Customer 3609,Consumer,South
CUST03610,Customer 3610,Consumer,North
CUST03611,Customer 3611,Corporate,North
CUST03612,Customer 3612,Consumer,West
CUST03613,Customer 3613,Corporate,East
CUST03614,Customer 3614,SMB,North
CUST03615,Customer 3615,Corporate,North
CUST03616,Customer 3616,Corporate,East
CUST03617,Customer 3617,Consumer,East
CUST03618,Customer 3618,Consumer,West
CUST03619,Customer 3619,Consumer,North
CUST03620,Customer 3620,SMB,West
CUST03621,Customer 3621,Corporate,Central
CUST03622,Customer 3622,Consumer,East
CUST03623,Customer 3623,Consumer,North
CUST03624,Customer 3624,SMB,East
CUST03625,Customer 3625,Corporate,South
CUST03626,Customer 3626,Corporate,North
CUST03627,Customer 3627,SMB,South
CUST03628,Customer 3628,Corporate,Central
CUST03629,Customer 3629,Corporate,South
CUST03630,Customer 3630,Consumer,West
CUST03631,Customer 3631,Consumer,East
CUST03632,Customer 3632,SMB,East
CUST03633,Customer 3633,Corporate,North
CUST03634,Customer 3634,Consumer,East
CUST03635,Customer 3635,Corporate,North
CUST03636,Customer 3636,Consumer,South
CUST03637,Customer 3637,SMB,South
CUST03638,Customer 3638,Consumer,South
CUST03639,Customer 3639,SMB,East
CUST03640,Customer 3640,Consumer,North
CUST03641,Customer 3641,Consumer,South
CUST03642,Customer 3642,Consumer,Central
CUST03643,Customer 3643,SMB,North
CUST03644,Customer 3644,Consumer,South
CUST03645,Customer 3645,Consumer,South
CUST03646,Customer 3646,Corporate,South
CUST03647,Customer 3647,Consumer,West
CUST03648,Customer 3648,Consumer,South
CUST03649,Customer 3649,Consumer,South
CUST03650,Customer 3650,SMB,East
CUST03651,Customer 3651,Consumer,South
CUST03652,Customer 3652,Consumer,Central
CUST03653,Customer 3653,Consumer,Central
CUST03654,Customer 3654,Consumer,North
CUST03655,Customer 3655,Consumer,South
CUST03656,Customer 3656,Consumer,South
CUST03657,Customer 3657,Consumer,North
CUST03658,Customer 3658,Consumer,South
CUST03659,Customer 3659,SMB,East
CUST03660,Customer 3660,Consumer,South
CUST03661,Customer 3661,Consumer,South
CUST03662,Customer 3662,SMB,South
CUST03663,Customer 3663,SMB,Central
CUST03664,Customer 3664,Corporate,Central
CUST03665,Customer 3665,Consumer,North
CUST03666,Customer 3666,Consumer,East
CUST03667,Customer 3667,Consumer,South
CUST03668,Customer 3668,Consumer,West
CUST03669,Customer 3669,Consumer,East
CUST03670,Customer 3670,Corporate,Central
CUST03671,Customer 3671,Consumer,North
CUST03672,Customer 3672,Corporate,South
CUST03673,Customer 3673,Consumer,Central
CUST03674,Customer 3674,Consumer,North
CUST03675,Customer 3675,Corporate,North
CUST03676,Customer 3676,SMB,West
CUST03677,Customer 3677,Consumer,West
CUST03678,Customer 3678,Corporate,East
CUST03679,Customer 3679,Consumer,West
CUST03680,Customer 3680,Consumer,West
CUST03681,Customer 3681,Corporate,North
CUST03682,Customer 3682,Consumer,East
CUST03683,Customer 3683,Consumer,West
CUST03684,Customer 3684,Consumer,West
CUST03685,Customer 3685,Consumer,South
CUST03686,Customer 3686,Consumer,North
CUST03687,Customer 3687,Consumer,West
CUST03688,Customer 3688,SMB,South
CUST03689,Customer 3689,Corporate,North
CUST03690,Customer 3690,Consumer,West
CUST03691,Customer 3691,Consumer,East
CUST03692,Customer 3692,Corporate,South
CUST03693,Customer 3693,Consumer,North
CUST03694,Customer 3694,Consumer,North
CUST03695,Customer 3695,Corporate,West
CUST03696,Customer 3696,Consumer,South
CUST03697,Customer 3697,Consumer,North
CUST03698,Customer 3698,Consumer,South
CUST03699,Customer 3699,Consumer,North
CUST03700,Customer 3700,Consumer,North
CUST03701,Customer 3701,SMB,South
CUST03702,Customer 3702,Consumer,East
CUST03703,Customer 3703,Corporate,South
CUST03704,Customer 3704,Corporate,South
CUST03705,Customer 3705,Consumer,South
CUST03706,Customer 3706,Consumer,South
CUST03707,Customer 3707,Consumer,North
CUST03708,Customer 3708,Corporate,North
CUST03709,Customer 3709,Consumer,North
CUST03710,Customer 3710,Corporate,South
CUST03711,Customer 3711,SMB,West
CUST03712,Customer 3712,Corporate,North
CUST03713,Customer 3713,SMB,West
CUST03714,Customer 3714,Corporate,West
CUST03715,Customer 3715,SMB,North
CUST03716,Customer 3716,SMB,North
CUST03717,Customer 3717,Corporate,North
CUST03718,Customer 3718,SMB,North
CUST03719,Customer 3719,SMB,East
CUST03720,Customer 3720,Consumer,North
CUST03721,Customer 3721,Corporate,West
CUST03722,Customer 3722,Consumer,South
CUST03723,Customer 3723,SMB,West
CUST03724,Customer 3724,Consumer,West
CUST03725,Customer 3725,SMB,East
CUST03726,Customer 3726,Corporate,Central
CUST03727,Customer 3727,SMB,Central
CUST03728,Customer 3728,Consumer,South
CUST03729,Customer 3729,Corporate,North
CUST03730,Customer 3730,Corporate,South
CUST03731,Customer 3731,SMB,South
CUST03732,Customer 3732,SMB,East
CUST03733,Customer 3733,Corporate,South
CUST03734,Customer 3734,Corporate,South
CUST03735,Customer 3735,Consumer,West
CUST03736,Customer 3736,SMB,South
CUST03737,Customer 3737,Consumer,East
CUST03738,Customer 3738,Corporate,South
CUST03739,Customer 3739,Corporate,West
CUST03740,Customer 3740,Consumer,East
CUST03741,Customer 3741,Consumer,North
CUST03742,Customer 3742,Consumer,East
CUST03743,Customer 3743,SMB,North
CUST03744,Customer 3744,Consumer,West
CUST03745,Customer 3745,Consumer,East
CUST03746,Customer 3746,Corporate,South
CUST03747,Customer 3747,Consumer,West
CUST03748,Customer 3748,SMB,West
CUST03749,Customer 3749,Consumer,West
CUST03750,Customer 3750,Consumer,East
CUST03751,Customer 3751,Consumer,West
CUST03752,Customer 3752,Consumer,South
CUST03753,Customer 3753,Consumer,West
CUST03754,Customer 3754,Corporate,West
CUST03755,Customer 3755,Consumer,North
CUST03756,Customer 3756,Consumer,South
CUST03757,Customer 3757,Consumer,South
CUST03758,Customer 3758,Consumer,North
CUST03759,Customer 3759,SMB,South
CUST03760,Customer 3760,Consumer,North
CUST03761,Customer 3761,SMB,East
CUST03762,Customer 3762,Consumer,North
CUST03763,Customer 3763,Consumer,South
CUST03764,Customer 3764,Consumer,East
CUST03765,Customer 3765,Consumer,South
CUST03766,Customer 3766,Corporate,South
CUST03767,Customer 3767,Consumer,West
CUST03768,Customer 3768,Consumer,Central
CUST03769,Customer 3769,Corporate,East
CUST03770,Customer 3770,Corporate,North
CUST03771,Customer 3771,SMB,North
CUST03772,Customer 3772,SMB,Central
CUST03773,Customer 3773,Corporate,East
CUST03774,Customer 3774,SMB,West
CUST03775,Customer 3775,Corporate,East
CUST03776,Customer 3776,Consumer,North
CUST03777,Customer 3777,Corporate,South
CUST03778,Customer 3778,Consumer,West
CUST03779,Customer 3779,Corporate,West
CUST03780,Customer 3780,SMB,South
CUST03781,Customer 3781,Consumer,East
CUST03782,Customer 3782,SMB,North
CUST03783,Customer 3783,SMB,Central
CUST03784,Customer 3784,Consumer,South
CUST03785,Customer 3785,Consumer,West
CUST03786,Customer 3786,SMB,South
CUST03787,Customer 3787,SMB,East
CUST03788,Customer 3788,Consumer,East
CUST03789,Customer 3789,Consumer,South
CUST03790,Customer 3790,Corporate,West
CUST03791,Customer 3791,Consumer,Central
CUST03792,Customer 3792,Consumer,West
CUST03793,Customer 3793,Consumer,South
CUST03794,Customer 3794,Consumer,West
CUST03795,Customer 3795,Corporate,East
CUST03796,Customer 3796,Corporate,East
CUST03797,Customer 3797,Corporate,South
CUST03798,Customer 3798,Corporate,East
CUST03799,Customer 3799,Consumer,North
CUST03800,Customer 3800,Consumer,South
CUST03801,Customer 3801,Consumer,North
CUST03802,Customer 3802,Consumer,South
CUST03803,Customer 3803,Consumer,North
CUST03804,Customer 3804,Consumer,South
CUST03805,Customer 3805,Consumer,West
CUST03806,Customer 3806,Consumer,East
CUST03807,Customer 3807,Corporate,North
CUST03808,Customer 3808,Corporate,West
CUST03809,Customer 3809,SMB,Central
CUST03810,Customer 3810,Corporate,Central
CUST03811,Customer 3811,Corporate,West
CUST03812,Customer 3812,Consumer,Central
CUST03813,Customer 3813,Corporate,East
CUST03814,Customer 3814,Consumer,Central
CUST03815,Customer 3815,Consumer,Central
CUST03816,Customer 3816,Consumer,South
CUST03817,Customer 3817,Consumer,West
CUST03818,Customer 3818,Consumer,West
CUST03819,Customer 3819,Corporate,West
CUST03820,Customer 3820,SMB,Central
CUST03821,Customer 3821,Corporate,South
CUST03822,Customer 3822,Corporate,South
CUST03823,Customer 3823,Consumer,East
CUST03824,Customer 3824,Consumer,West
CUST03825,Customer 3825,Corporate,West
CUST03826,Customer 3826,Consumer,West
CUST03827,Customer 3827,Consumer,West
CUST03828,Customer 3828,Consumer,Central
CUST03829,Customer 3829,SMB,North
CUST03830,Customer 3830,Corporate,Central
CUST03831,Customer 3831,Consumer,North
CUST03832,Customer 3832,Corporate,East
CUST03833,Customer 3833,Consumer,North
CUST03834,Customer 3834,Consumer,East
CUST03835,Customer 3835,Consumer,South
CUST03836,Customer 3836,Consumer,North
CUST03837,Customer 3837,Corporate,East
CUST03838,Customer 3838,Consumer,West
CUST03839,Customer 3839,Corporate,North
CUST03840,Customer 3840,Consumer,West
CUST03841,Customer 3841,Corporate,North
CUST03842,Customer 3842,Corporate,North
CUST03843,Customer 3843,Corporate,North
CUST03844,Customer 3844,Corporate,East
CUST03845,Customer 3845,SMB,West
CUST03846,Customer 3846,Consumer,East
CUST03847,Customer 3847,Corporate,West
CUST03848,Customer 3848,Corporate,East
CUST03849,Customer 3849,Consumer,West
CUST03850,Customer 3850,Consumer,Central
CUST03851,Customer 3851,Consumer,South
CUST03852,Customer 3852,Consumer,North
CUST03853,Customer 3853,Consumer,North
CUST03854,Customer 3854,Consumer,East
CUST03855,Customer 3855,Corporate,East
CUST03856,Customer 3856,Consumer,North
CUST03857,Customer 3857,SMB,Central
CUST03858,Customer 3858,Consumer,Central
CUST03859,Customer 3859,Corporate,South
CUST03860,Customer 3860,Consumer,South
CUST03861,Customer 3861,Consumer,South
CUST03862,Customer 3862,Consumer,South
CUST03863,Customer 3863,Corporate,West
CUST03864,Customer 3864,Consumer,East
CUST03865,Customer 3865,SMB,North
CUST03866,Customer 3866,Consumer,South
CUST03867,Customer 3867,Corporate,North
CUST03868,Customer 3868,Consumer,South
CUST03869,Customer 3869,Corporate,South
CUST03870,Customer 3870,Consumer,East
CUST03871,Customer 3871,Consumer,East
CUST03872,Customer 3872,Consumer,West
CUST03873,Customer 3873,Consumer,North
CUST03874,Customer 3874,Consumer,West
CUST03875,Customer 3875,SMB,North
CUST03876,Customer 3876,Consumer,South
CUST03877,Customer 3877,Consumer,West
CUST03878,Customer 3878,SMB,West
CUST03879,Customer 3879,Consumer,North
CUST03880,Customer 3880,Consumer,South
CUST03881,Customer 3881,Corporate,West
CUST03882,Customer 3882,SMB,Central
CUST03883,Customer 3883,Corporate,East
CUST03884,Customer 3884,Consumer,North
CUST03885,Customer 3885,SMB,South
CUST03886,Customer 3886,Consumer,North
CUST03887,Customer 3887,SMB,North
CUST03888,Customer 3888,SMB,East
CUST03889,Customer 3889,SMB,West
CUST03890,Customer 3890,Consumer,North
CUST03891,Customer 3891,Consumer,West
CUST03892,Customer 3892,Corporate,West
CUST03893,Customer 3893,Consumer,West
CUST03894,Customer 3894,Consumer,South
CUST03895,Customer 3895,SMB,South
CUST03896,Customer 3896,Corporate,North
CUST03897,Customer 3897,Consumer,South
CUST03898,Customer 3898,Consumer,South
CUST03899,Customer 3899,Consumer,South
CUST03900,Customer 3900,Consumer,North
CUST03901,Customer 3901,Consumer,North
CUST03902,Customer 3902,SMB,Central
CUST03903,Customer 3903,Corporate,West
CUST03904,Customer 3904,Consumer,South
CUST03905,Customer 3905,Consumer,Central
CUST03906,Customer 3906,Corporate,South
CUST03907,Customer 3907,SMB,South
CUST03908,Customer 3908,SMB,West
CUST03909,Customer 3909,Consumer,South
CUST03910,Customer 3910,SMB,South
CUST03911,Customer 3911,Consumer,South
CUST03912,Customer 3912,Consumer,East
CUST03913,Customer 3913,SMB,East
CUST03914,Customer 3914,Consumer,South
CUST03915,Customer 3915,Consumer,South
CUST03916,Customer 3916,Consumer,South
CUST03917,Customer 3917,Consumer,East
CUST03918,Customer 3918,Consumer,South
CUST03919,Customer 3919,Corporate,West
CUST03920,Customer 3920,Consumer,West
CUST03921,Customer 3921,Consumer,South
CUST03922,Customer 3922,SMB,West
CUST03923,Customer 3923,Consumer,North
CUST03924,Customer 3924,SMB,South
CUST03925,Customer 3925,Consumer,South
CUST03926,Customer 3926,Corporate,South
CUST03927,Customer 3927,Consumer,West
CUST03928,Customer 3928,SMB,Central
CUST03929,Customer 3929,Consumer,South
CUST03930,Customer 3930,SMB,South
CUST03931,Customer 3931,Consumer,East
CUST03932,Customer 3932,Corporate,South
CUST03933,Customer 3933,Consumer,North
CUST03934,Customer 3934,Consumer,Central
CUST03935,Customer 3935,Consumer,West
CUST03936,Customer 3936,Consumer,Central
CUST03937,Customer 3937,Consumer,South
CUST03938,Customer 3938,Corporate,North
CUST03939,Customer 3939,Consumer,South
CUST03940,Customer 3940,Consumer,Central
CUST03941,Customer 3941,Consumer,North
CUST03942,Customer 3942,Consumer,North
CUST03943,Customer 3943,Consumer,North
CUST03944,Customer 3944,Corporate,West
CUST03945,Customer 3945,Consumer,West
CUST03946,Customer 3946,SMB,West
CUST03947,Customer 3947,Consumer,North
CUST03948,Customer 3948,Consumer,West
CUST03949,Customer 3949,SMB,South
CUST03950,Customer 3950,Consumer,North
CUST03951,Customer 3951,Consumer,South
CUST03952,Customer 3952,SMB,East
CUST03953,Customer 3953,SMB,South
CUST03954,Customer 3954,Corporate,Central
CUST03955,Customer 3955,Consumer,South
CUST03956,Customer 3956,Corporate,South
CUST03957,Customer 3957,SMB,East
CUST03958,Customer 3958,SMB,East
CUST03959,Customer 3959,Consumer,North
CUST03960,Customer 3960,Consumer,East
CUST03961,Customer 3961,Consumer,South
CUST03962,Customer 3962,Consumer,South
CUST03963,Customer 3963,Corporate,West
CUST03964,Customer 3964,Consumer,East
CUST03965,Customer 3965,Consumer,South
CUST03966,Customer 3966,Consumer,North
CUST03967,Customer 3967,Consumer,East
CUST03968,Customer 3968,Consumer,South
CUST03969,Customer 3969,Consumer,Central
CUST03970,Customer 3970,Consumer,East
CUST03971,Customer 3971,SMB,West
CUST03972,Customer 3972,Consumer,South
CUST03973,Customer 3973,Consumer,West
CUST03974,Customer 3974,Consumer,North
CUST03975,Customer 3975,Consumer,South
CUST03976,Customer 3976,Consumer,North
CUST03977,Customer 3977,Consumer,North
CUST03978,Customer 3978,Consumer,Central
CUST03979,Customer 3979,Consumer,West
CUST03980,Customer 3980,Corporate,East
CUST03981,Customer 3981,Consumer,East
CUST03982,Customer 3982,Consumer,East
CUST03983,Customer 3983,Corporate,East
CUST03984,Customer 3984,Consumer,West
CUST03985,Customer 3985,Consumer,East
CUST03986,Customer 3986,Consumer,West
CUST03987,Customer 3987,Consumer,South
CUST03988,Customer 3988,Consumer,Central
CUST03989,Customer 3989,SMB,North
CUST03990,Customer 3990,SMB,South
CUST03991,Customer 3991,SMB,Central
CUST03992,Customer 3992,Consumer,North
CUST03993,Customer 3993,Consumer,North
CUST03994,Customer 3994,Consumer,South
CUST03995,Customer 3995,Consumer,South
CUST03996,Customer 3996,Consumer,Central
CUST03997,Customer 3997,Consumer,West
CUST03998,Customer 3998,Consumer,South
CUST03999,Customer 3999,Consumer,Central
CUST04000,Customer 4000,Consumer,East
CUST04001,Customer 4001,Corporate,West
CUST04002,Customer 4002,Consumer,South
CUST04003,Customer 4003,SMB,South
CUST04004,Customer 4004,Consumer,North
CUST04005,Customer 4005,Consumer,North
CUST04006,Customer 4006,Consumer,West
CUST04007,Customer 4007,Consumer,North
CUST04008,Customer 4008,Consumer,East
CUST04009,Customer 4009,Consumer,West
CUST04010,Customer 4010,Corporate,North
CUST04011,Customer 4011,Consumer,South
CUST04012,Customer 4012,Consumer,West
CUST04013,Customer 4013,SMB,Central
CUST04014,Customer 4014,Consumer,South
CUST04015,Customer 4015,Corporate,Central
CUST04016,Customer 4016,Consumer,West
CUST04017,Customer 4017,Consumer,East
CUST04018,Customer 4018,Consumer,South
CUST04019,Customer 4019,Consumer,West
CUST04020,Customer 4020,Corporate,West
CUST04021,Customer 4021,Consumer,South
CUST04022,Customer 4022,Consumer,Central
CUST04023,Customer 4023,Consumer,Central
CUST04024,Customer 4024,SMB,South
CUST04025,Customer 4025,Corporate,West
CUST04026,Customer 4026,SMB,East
CUST04027,Customer 4027,Corporate,West
CUST04028,Customer 4028,Corporate,West
CUST04029,Customer 4029,Consumer,North
CUST04030,Customer 4030,SMB,North
CUST04031,Customer 4031,Consumer,South
CUST04032,Customer 4032,Consumer,Central
CUST04033,Customer 4033,Corporate,South
CUST04034,Customer 4034,Consumer,Central
CUST04035,Customer 4035,Consumer,South
CUST04036,Customer 4036,Consumer,South
CUST04037,Customer 4037,Consumer,Central
CUST04038,Customer 4038,SMB,East
CUST04039,Customer 4039,Consumer,South
CUST04040,Customer 4040,SMB,North
CUST04041,Customer 4041,Consumer,North
CUST04042,Customer 4042,Corporate,North
CUST04043,Customer 4043,Consumer,South
CUST04044,Customer 4044,SMB,East
CUST04045,Customer 4045,Consumer,South
CUST04046,Customer 4046,Consumer,North
CUST04047,Customer 4047,Consumer,South
CUST04048,Customer 4048,Consumer,South
CUST04049,Customer 4049,Consumer,Central
CUST04050,Customer 4050,Corporate,South
CUST04051,Customer 4051,SMB,North
CUST04052,Customer 4052,Corporate,East
CUST04053,Customer 4053,Consumer,Central
CUST04054,Customer 4054,Consumer,West
CUST04055,Customer 4055,SMB,West
CUST04056,Customer 4056,SMB,Central
CUST04057,Customer 4057,Consumer,East
CUST04058,Customer 4058,SMB,Central
CUST04059,Customer 4059,Consumer,North
CUST04060,Customer 4060,SMB,West
CUST04061,Customer 4061,SMB,West
CUST04062,Customer 4062,Corporate,Central
CUST04063,Customer 4063,Consumer,South
CUST04064,Customer 4064,Corporate,West
CUST04065,Customer 4065,Consumer,North
CUST04066,Customer 4066,Corporate,East
CUST04067,Customer 4067,Consumer,South
CUST04068,Customer 4068,Corporate,East
CUST04069,Customer 4069,SMB,East
CUST04070,Customer 4070,Consumer,South
CUST04071,Customer 4071,Consumer,South
CUST04072,Customer 4072,Corporate,South
CUST04073,Customer 4073,Consumer,East
CUST04074,Customer 4074,Consumer,East
CUST04075,Customer 4075,Consumer,West
CUST04076,Customer 4076,Consumer,North
CUST04077,Customer 4077,Corporate,West
CUST04078,Customer 4078,Corporate,West
CUST04079,Customer 4079,Consumer,North
CUST04080,Customer 4080,Consumer,South
CUST04081,Customer 4081,Consumer,South
CUST04082,Customer 4082,Consumer,South
CUST04083,Customer 4083,Corporate,North
CUST04084,Customer 4084,Consumer,South
CUST04085,Customer 4085,Consumer,North
CUST04086,Customer 4086,SMB,North
CUST04087,Customer 4087,Consumer,South
CUST04088,Customer 4088,Corporate,West
CUST04089,Customer 4089,Consumer,East
CUST04090,Customer 4090,Consumer,South
CUST04091,Customer 4091,Consumer,East
CUST04092,Customer 4092,Corporate,East
CUST04093,Customer 4093,SMB,North
CUST04094,Customer 4094,Consumer,South
CUST04095,Customer 4095,Consumer,South
CUST04096,Customer 4096,Consumer,East
CUST04097,Customer 4097,Corporate,South
CUST04098,Customer 4098,Corporate,South
CUST04099,Customer 4099,Corporate,East
CUST04100,Customer 4100,SMB,Central
CUST04101,Customer 4101,Consumer,South
CUST04102,Customer 4102,Corporate,East
CUST04103,Customer 4103,Corporate,South
CUST04104,Customer 4104,Consumer,West
CUST04105,Customer 4105,SMB,West
CUST04106,Customer 4106,Consumer,West
CUST04107,Customer 4107,Corporate,South
CUST04108,Customer 4108,Corporate,South
CUST04109,Customer 4109,SMB,West
CUST04110,Customer 4110,Consumer,South
CUST04111,Customer 4111,Consumer,Central
CUST04112,Customer 4112,SMB,South
CUST04113,Customer 4113,Corporate,South
CUST04114,Customer 4114,Consumer,South
CUST04115,Customer 4115,Corporate,South
CUST04116,Customer 4116,Consumer,West
CUST04117,Customer 4117,Corporate,North
CUST04118,Customer 4118,SMB,East
CUST04119,Customer 4119,Consumer,East
CUST04120,Customer 4120,Consumer,West
CUST04121,Customer 4121,SMB,East
CUST04122,Customer 4122,Corporate,Central
CUST04123,Customer 4123,SMB,West
CUST04124,Customer 4124,Consumer,South
CUST04125,Customer 4125,SMB,West
CUST04126,Customer 4126,Consumer,Central
CUST04127,Customer 4127,Consumer,South
CUST04128,Customer 4128,Consumer,East
CUST04129,Customer 4129,Corporate,South
CUST04130,Customer 4130,SMB,East
CUST04131,Customer 4131,Corporate,North
CUST04132,Customer 4132,Corporate,West
CUST04133,Customer 4133,Consumer,South
CUST04134,Customer 4134,Consumer,East
CUST04135,Customer 4135,Consumer,North
CUST04136,Customer 4136,Consumer,West
CUST04137,Customer 4137,Consumer,South
CUST04138,Customer 4138,SMB,East
CUST04139,Customer 4139,Corporate,South
CUST04140,Customer 4140,Corporate,North
CUST04141,Customer 4141,Consumer,South
CUST04142,Customer 4142,Consumer,Central
CUST04143,Customer 4143,Consumer,South
CUST04144,Customer 4144,Consumer,East
CUST04145,Customer 4145,Consumer,North
CUST04146,Customer 4146,Consumer,West
CUST04147,Customer 4147,Consumer,South
CUST04148,Customer 4148,Corporate,South
CUST04149,Customer 4149,Consumer,South
CUST04150,Customer 4150,Consumer,North
CUST04151,Customer 4151,Consumer,South
CUST04152,Customer 4152,Consumer,South
CUST04153,Customer 4153,Consumer,East
CUST04154,Customer 4154,Consumer,Central
CUST04155,Customer 4155,Corporate,South
CUST04156,Customer 4156,Consumer,Central
CUST04157,Customer 4157,SMB,South
CUST04158,Customer 4158,Consumer,North
CUST04159,Customer 4159,Consumer,South
CUST04160,Customer 4160,Consumer,South
CUST04161,Customer 4161,Consumer,South
CUST04162,Customer 4162,Consumer,West
CUST04163,Customer 4163,SMB,East
CUST04164,Customer 4164,Consumer,East
CUST04165,Customer 4165,Corporate,South
CUST04166,Customer 4166,Consumer,South
CUST04167,Customer 4167,Consumer,East
CUST04168,Customer 4168,Consumer,North
CUST04169,Customer 4169,Consumer,North
CUST04170,Customer 4170,Consumer,South
CUST04171,Customer 4171,SMB,North
CUST04172,Customer 4172,Corporate,East
CUST04173,Customer 4173,SMB,North
CUST04174,Customer 4174,Consumer,North
CUST04175,Customer 4175,Corporate,Central
CUST04176,Customer 4176,Corporate,Central
CUST04177,Customer 4177,Corporate,South
CUST04178,Customer 4178,SMB,South
CUST04179,Customer 4179,Corporate,West
CUST04180,Customer 4180,SMB,North
CUST04181,Customer 4181,Corporate,South
CUST04182,Customer 4182,Consumer,North
CUST04183,Customer 4183,Corporate,South
CUST04184,Customer 4184,Consumer,Central
CUST04185,Customer 4185,SMB,West
CUST04186,Customer 4186,SMB,Central
CUST04187,Customer 4187,Consumer,West
CUST04188,Customer 4188,Consumer,East
CUST04189,Customer 4189,Consumer,West
CUST04190,Customer 4190,Consumer,East
CUST04191,Customer 4191,Consumer,South
CUST04192,Customer 4192,Corporate,South
CUST04193,Customer 4193,Corporate,East
CUST04194,Customer 4194,SMB,South
CUST04195,Customer 4195,Consumer,South
CUST04196,Customer 4196,Consumer,North
CUST04197,Customer 4197,Consumer,East
CUST04198,Customer 4198,SMB,South
CUST04199,Customer 4199,Consumer,South
CUST04200,Customer 4200,Consumer,South
CUST04201,Customer 4201,Consumer,North
CUST04202,Customer 4202,SMB,Central
CUST04203,Customer 4203,Consumer,South
CUST04204,Customer 4204,Corporate,South
CUST04205,Customer 4205,Corporate,North
CUST04206,Customer 4206,Corporate,West
CUST04207,Customer 4207,Consumer,East
CUST04208,Customer 4208,Consumer,South
CUST04209,Customer 4209,Consumer,South
CUST04210,Customer 4210,Consumer,West
CUST04211,Customer 4211,Corporate,Central
CUST04212,Customer 4212,Consumer,South
CUST04213,Customer 4213,Consumer,North
CUST04214,Customer 4214,Consumer,North
CUST04215,Customer 4215,Corporate,North
CUST04216,Customer 4216,Consumer,West
CUST04217,Customer 4217,Corporate,Central
CUST04218,Customer 4218,Consumer,Central
CUST04219,Customer 4219,SMB,West
CUST04220,Customer 4220,Corporate,North
CUST04221,Customer 4221,Consumer,Central
CUST04222,Customer 4222,Consumer,South
CUST04223,Customer 4223,Consumer,South
CUST04224,Customer 4224,Consumer,West
CUST04225,Customer 4225,Consumer,North
CUST04226,Customer 4226,SMB,West
CUST04227,Customer 4227,Corporate,Central
CUST04228,Customer 4228,Consumer,West
CUST04229,Customer 4229,Corporate,West
CUST04230,Customer 4230,Consumer,South
CUST04231,Customer 4231,SMB,North
CUST04232,Customer 4232,Consumer,West
CUST04233,Customer 4233,Corporate,East
CUST04234,Customer 4234,Corporate,Central
CUST04235,Customer 4235,Consumer,North
CUST04236,Customer 4236,Consumer,South
CUST04237,Customer 4237,Consumer,South
CUST04238,Customer 4238,SMB,West
CUST04239,Customer 4239,Consumer,West
CUST04240,Customer 4240,Corporate,Central
CUST04241,Customer 4241,Corporate,South
CUST04242,Customer 4242,SMB,South
CUST04243,Customer 4243,Consumer,North
CUST04244,Customer 4244,Consumer,South
CUST04245,Customer 4245,Corporate,South
CUST04246,Customer 4246,Consumer,East
CUST04247,Customer 4247,SMB,South
CUST04248,Customer 4248,Consumer,South
CUST04249,Customer 4249,Consumer,East
CUST04250,Customer 4250,SMB,West
CUST04251,Customer 4251,Consumer,South
CUST04252,Customer 4252,Consumer,South
CUST04253,Customer 4253,Consumer,West
CUST04254,Customer 4254,Consumer,West
CUST04255,Customer 4255,SMB,West
CUST04256,Customer 4256,Consumer,South
CUST04257,Customer 4257,Consumer,East
CUST04258,Customer 4258,Consumer,Central
CUST04259,Customer 4259,SMB,South
CUST04260,Customer 4260,Consumer,South
CUST04261,Customer 4261,SMB,Central
CUST04262,Customer 4262,SMB,North
CUST04263,Customer 4263,Consumer,West
CUST04264,Customer 4264,SMB,West
CUST04265,Customer 4265,Corporate,North
CUST04266,Customer 4266,Consumer,West
CUST04267,Customer 4267,Consumer,South
CUST04268,Customer 4268,SMB,West
CUST04269,Customer 4269,Corporate,Central
CUST04270,Customer 4270,Corporate,West
CUST04271,Customer 4271,SMB,North
CUST04272,Customer 4272,Consumer,West
CUST04273,Customer 4273,SMB,Central
CUST04274,Customer 4274,SMB,East
CUST04275,Customer 4275,Consumer,East
CUST04276,Customer 4276,Consumer,North
CUST04277,Customer 4277,Consumer,West
CUST04278,Customer 4278,SMB,North
CUST04279,Customer 4279,Consumer,South
CUST04280,Customer 4280,Corporate,Central
CUST04281,Customer 4281,Consumer,Central
CUST04282,Customer 4282,Consumer,Central
CUST04283,Customer 4283,Corporate,South
CUST04284,Customer 4284,Consumer,North
CUST04285,Customer 4285,SMB,South
CUST04286,Customer 4286,Consumer,North
CUST04287,Customer 4287,SMB,West
CUST04288,Customer 4288,Consumer,East
CUST04289,Customer 4289,SMB,South
CUST04290,Customer 4290,Corporate,North
CUST04291,Customer 4291,Consumer,South
CUST04292,Customer 4292,Consumer,West
CUST04293,Customer 4293,Consumer,West
CUST04294,Customer 4294,Corporate,North
CUST04295,Customer 4295,SMB,North
CUST04296,Customer 4296,Consumer,South
CUST04297,Customer 4297,Consumer,North
CUST04298,Customer 4298,Corporate,Central
CUST04299,Customer 4299,Consumer,East
CUST04300,Customer 4300,Corporate,North
CUST04301,Customer 4301,Consumer,West
CUST04302,Customer 4302,Corporate,South
CUST04303,Customer 4303,SMB,South
CUST04304,Customer 4304,Consumer,East
CUST04305,Customer 4305,Consumer,North
CUST04306,Customer 4306,Consumer,South
CUST04307,Customer 4307,Corporate,West
CUST04308,Customer 4308,Consumer,Central
CUST04309,Customer 4309,SMB,South
CUST04310,Customer 4310,Corporate,East
CUST04311,Customer 4311,Consumer,South
CUST04312,Customer 4312,Corporate,East
CUST04313,Customer 4313,Consumer,South
CUST04314,Customer 4314,SMB,East
CUST04315,Customer 4315,Consumer,North
CUST04316,Customer 4316,Corporate,Central
CUST04317,Customer 4317,SMB,Central
CUST04318,Customer 4318,Corporate,South
CUST04319,Customer 4319,SMB,West
CUST04320,Customer 4320,Consumer,North
CUST04321,Customer 4321,SMB,West
CUST04322,Customer 4322,Corporate,South
CUST04323,Customer 4323,Corporate,North
CUST04324,Customer 4324,Consumer,East
CUST04325,Customer 4325,Consumer,South
CUST04326,Customer 4326,Corporate,East
CUST04327,Customer 4327,Consumer,East
CUST04328,Customer 4328,Corporate,North
CUST04329,Customer 4329,SMB,North
CUST04330,Customer 4330,SMB,East
CUST04331,Customer 4331,Consumer,East
CUST04332,Customer 4332,SMB,North
CUST04333,Customer 4333,Consumer,South
CUST04334,Customer 4334,Consumer,East
CUST04335,Customer 4335,SMB,East
CUST04336,Customer 4336,Consumer,West
CUST04337,Customer 4337,Consumer,South
CUST04338,Customer 4338,Consumer,East
CUST04339,Customer 4339,Consumer,East
CUST04340,Customer 4340,SMB,South
CUST04341,Customer 4341,Consumer,North
CUST04342,Customer 4342,Consumer,North
CUST04343,Customer 4343,Corporate,West
CUST04344,Customer 4344,Consumer,South
CUST04345,Customer 4345,Corporate,East
CUST04346,Customer 4346,SMB,East
CUST04347,Customer 4347,Corporate,South
CUST04348,Customer 4348,SMB,West
CUST04349,Customer 4349,Consumer,West
CUST04350,Customer 4350,SMB,North
CUST04351,Customer 4351,Consumer,West
CUST04352,Customer 4352,Consumer,East
CUST04353,Customer 4353,Corporate,South
CUST04354,Customer 4354,Consumer,West
CUST04355,Customer 4355,SMB,West
CUST04356,Customer 4356,Corporate,South
CUST04357,Customer 4357,SMB,Central
CUST04358,Customer 4358,Consumer,East
CUST04359,Customer 4359,Consumer,East
CUST04360,Customer 4360,Corporate,North
CUST04361,Customer 4361,Consumer,South
CUST04362,Customer 4362,Consumer,South
CUST04363,Customer 4363,Corporate,East
CUST04364,Customer 4364,SMB,East
CUST04365,Customer 4365,Corporate,West
CUST04366,Customer 4366,Consumer,South
CUST04367,Customer 4367,Consumer,West
CUST04368,Customer 4368,Corporate,West
CUST04369,Customer 4369,Consumer,West
CUST04370,Customer 4370,Consumer,West
CUST04371,Customer 4371,Consumer,Central
CUST04372,Customer 4372,Consumer,North
CUST04373,Customer 4373,Consumer,West
CUST04374,Customer 4374,Consumer,Central
CUST04375,Customer 4375,Corporate,East
CUST04376,Customer 4376,Consumer,South
CUST04377,Customer 4377,Corporate,Central
CUST04378,Customer 4378,Consumer,North
CUST04379,Customer 4379,SMB,South
CUST04380,Customer 4380,Consumer,North
CUST04381,Customer 4381,Consumer,South
CUST04382,Customer 4382,Consumer,South
CUST04383,Customer 4383,Consumer,South
CUST04384,Customer 4384,Consumer,Central
CUST04385,Customer 4385,SMB,South
CUST04386,Customer 4386,SMB,East
CUST04387,Customer 4387,Consumer,Central
CUST04388,Customer 4388,Consumer,West
CUST04389,Customer 4389,Corporate,South
CUST04390,Customer 4390,Corporate,North
CUST04391,Customer 4391,Consumer,East
CUST04392,Customer 4392,Corporate,West
CUST04393,Customer 4393,Consumer,East
CUST04394,Customer 4394,Corporate,South
CUST04395,Customer 4395,Consumer,West
CUST04396,Customer 4396,Consumer,East
CUST04397,Customer 4397,Consumer,East
CUST04398,Customer 4398,Corporate,West
CUST04399,Customer 4399,Consumer,West
CUST04400,Customer 4400,Corporate,East
CUST04401,Customer 4401,Corporate,East
CUST04402,Customer 4402,Corporate,East
CUST04403,Customer 4403,Consumer,East
CUST04404,Customer 4404,Consumer,South
CUST04405,Customer 4405,Consumer,West
CUST04406,Customer 4406,Corporate,East
CUST04407,Customer 4407,SMB,South
CUST04408,Customer 4408,Consumer,North
CUST04409,Customer 4409,SMB,West
CUST04410,Customer 4410,Consumer,East
CUST04411,Customer 4411,Consumer,South
CUST04412,Customer 4412,Consumer,South
CUST04413,Customer 4413,Corporate,South
CUST04414,Customer 4414,Consumer,Central
CUST04415,Customer 4415,Consumer,West
CUST04416,Customer 4416,Corporate,East
CUST04417,Customer 4417,Consumer,South
CUST04418,Customer 4418,Consumer,West
CUST04419,Customer 4419,Consumer,East
CUST04420,Customer 4420,Consumer,Central
CUST04421,Customer 4421,Consumer,North
CUST04422,Customer 4422,Consumer,North
CUST04423,Customer 4423,Corporate,East
CUST04424,Customer 4424,Consumer,South
CUST04425,Customer 4425,Corporate,East
CUST04426,Customer 4426,Consumer,West
CUST04427,Customer 4427,Consumer,North
CUST04428,Customer 4428,Consumer,South
CUST04429,Customer 4429,Consumer,West
CUST04430,Customer 4430,Consumer,West
CUST04431,Customer 4431,Consumer,South
CUST04432,Customer 4432,SMB,South
CUST04433,Customer 4433,SMB,East
CUST04434,Customer 4434,Consumer,South
CUST04435,Customer 4435,Corporate,West
CUST04436,Customer 4436,Corporate,East
CUST04437,Customer 4437,SMB,South
CUST04438,Customer 4438,Consumer,West
CUST04439,Customer 4439,Consumer,East
CUST04440,Customer 4440,Consumer,North
CUST04441,Customer 4441,Consumer,East
CUST04442,Customer 4442,Consumer,Central
CUST04443,Customer 4443,SMB,West
CUST04444,Customer 4444,SMB,South
CUST04445,Customer 4445,Consumer,West
CUST04446,Customer 4446,Consumer,South
CUST04447,Customer 4447,Consumer,East
CUST04448,Customer 4448,Consumer,East
CUST04449,Customer 4449,Corporate,South
CUST04450,Customer 4450,Consumer,South
CUST04451,Customer 4451,SMB,Central
CUST04452,Customer 4452,SMB,South
CUST04453,Customer 4453,Corporate,West
CUST04454,Customer 4454,Corporate,East
CUST04455,Customer 4455,Consumer,East
CUST04456,Customer 4456,Consumer,North
CUST04457,Customer 4457,Consumer,South
CUST04458,Customer 4458,Corporate,North
CUST04459,Customer 4459,Consumer,East
CUST04460,Customer 4460,SMB,Central
CUST04461,Customer 4461,Consumer,West
CUST04462,Customer 4462,Consumer,North
CUST04463,Customer 4463,Consumer,South
CUST04464,Customer 4464,SMB,North
CUST04465,Customer 4465,Consumer,Central
CUST04466,Customer 4466,Consumer,South
CUST04467,Customer 4467,Consumer,South
CUST04468,Customer 4468,Corporate,East
CUST04469,Customer 4469,SMB,East
CUST04470,Customer 4470,Consumer,South
CUST04471,Customer 4471,SMB,East
CUST04472,Customer 4472,Consumer,North
CUST04473,Customer 4473,Corporate,North
CUST04474,Customer 4474,Consumer,North
CUST04475,Customer 4475,Consumer,South
CUST04476,Customer 4476,Corporate,Central
CUST04477,Customer 4477,Consumer,East
CUST04478,Customer 4478,Consumer,West
CUST04479,Customer 4479,SMB,South
CUST04480,Customer 4480,SMB,West
CUST04481,Customer 4481,Consumer,Central
CUST04482,Customer 4482,Corporate,South
CUST04483,Customer 4483,Corporate,Central
CUST04484,Customer 4484,Consumer,East
CUST04485,Customer 4485,SMB,West
CUST04486,Customer 4486,Consumer,South
CUST04487,Customer 4487,Corporate,East
CUST04488,Customer 4488,Consumer,East
CUST04489,Customer 4489,Consumer,Central
CUST04490,Customer 4490,Consumer,Central
CUST04491,Customer 4491,Consumer,South
CUST04492,Customer 4492,SMB,Central
CUST04493,Customer 4493,SMB,Central
CUST04494,Customer 4494,Consumer,East
CUST04495,Customer 4495,Consumer,North
CUST04496,Customer 4496,Consumer,North
CUST04497,Customer 4497,Consumer,North
CUST04498,Customer 4498,Consumer,North
CUST04499,Customer 4499,SMB,Central
CUST04500,Customer 4500,Corporate,South
CUST04501,Customer 4501,Consumer,West
CUST04502,Customer 4502,Consumer,East
CUST04503,Customer 4503,Corporate,East
CUST04504,Customer 4504,Consumer,South
CUST04505,Customer 4505,Consumer,East
CUST04506,Customer 4506,Consumer,East
CUST04507,Customer 4507,Consumer,East
CUST04508,Customer 4508,Consumer,North
CUST04509,Customer 4509,Corporate,West
CUST04510,Customer 4510,Consumer,North
CUST04511,Customer 4511,Corporate,East
CUST04512,Customer 4512,Consumer,South
CUST04513,Customer 4513,SMB,South
CUST04514,Customer 4514,Consumer,West
CUST04515,Customer 4515,Consumer,North
CUST04516,Customer 4516,Consumer,Central
CUST04517,Customer 4517,Consumer,Central
CUST04518,Customer 4518,Consumer,South
CUST04519,Customer 4519,Corporate,South
CUST04520,Customer 4520,Consumer,North
CUST04521,Customer 4521,Consumer,Central
CUST04522,Customer 4522,Consumer,East
CUST04523,Customer 4523,Corporate,North
CUST04524,Customer 4524,SMB,East
CUST04525,Customer 4525,Corporate,North
CUST04526,Customer 4526,Corporate,East
CUST04527,Customer 4527,Corporate,East
CUST04528,Customer 4528,Corporate,North
CUST04529,Customer 4529,Consumer,West
CUST04530,Customer 4530,Corporate,South
CUST04531,Customer 4531,Corporate,East
CUST04532,Customer 4532,Consumer,East
CUST04533,Customer 4533,Corporate,Central
CUST04534,Customer 4534,Consumer,South
CUST04535,Customer 4535,Consumer,Central
CUST04536,Customer 4536,Consumer,South
CUST04537,Customer 4537,Corporate,West
CUST04538,Customer 4538,SMB,South
CUST04539,Customer 4539,Consumer,West
CUST04540,Customer 4540,Consumer,North
CUST04541,Customer 4541,Consumer,Central
CUST04542,Customer 4542,Consumer,Central
CUST04543,Customer 4543,SMB,South
CUST04544,Customer 4544,Consumer,East
CUST04545,Customer 4545,Consumer,East
CUST04546,Customer 4546,Consumer,South
CUST04547,Customer 4547,SMB,East
CUST04548,Customer 4548,Consumer,West
CUST04549,Customer 4549,Corporate,East
CUST04550,Customer 4550,Consumer,North
CUST04551,Customer 4551,Consumer,Central
CUST04552,Customer 4552,Corporate,North
CUST04553,Customer 4553,Consumer,East
CUST04554,Customer 4554,Corporate,North
CUST04555,Customer 4555,Consumer,North
CUST04556,Customer 4556,Corporate,North
CUST04557,Customer 4557,Corporate,South
CUST04558,Customer 4558,Corporate,East
CUST04559,Customer 4559,Consumer,East
CUST04560,Customer 4560,Corporate,East
CUST04561,Customer 4561,SMB,East
CUST04562,Customer 4562,Consumer,North
CUST04563,Customer 4563,Consumer,North
CUST04564,Customer 4564,SMB,East
CUST04565,Customer 4565,Consumer,East
CUST04566,Customer 4566,Corporate,East
CUST04567,Customer 4567,Corporate,South
CUST04568,Customer 4568,Consumer,West
CUST04569,Customer 4569,Corporate,North
CUST04570,Customer 4570,Corporate,East
CUST04571,Customer 4571,Consumer,North
CUST04572,Customer 4572,SMB,East
CUST04573,Customer 4573,Consumer,South
CUST04574,Customer 4574,Consumer,West
CUST04575,Customer 4575,SMB,North
CUST04576,Customer 4576,Consumer,East
CUST04577,Customer 4577,SMB,North
CUST04578,Customer 4578,Consumer,West
CUST04579,Customer 4579,Consumer,North
CUST04580,Customer 4580,Consumer,North
CUST04581,Customer 4581,Corporate,West
CUST04582,Customer 4582,Corporate,North
CUST04583,Customer 4583,SMB,South
CUST04584,Customer 4584,SMB,West
CUST04585,Customer 4585,Corporate,West
CUST04586,Customer 4586,Corporate,West
CUST04587,Customer 4587,Consumer,South
CUST04588,Customer 4588,SMB,East
CUST04589,Customer 4589,Corporate,West
CUST04590,Customer 4590,SMB,North
CUST04591,Customer 4591,Consumer,West
CUST04592,Customer 4592,Consumer,North
CUST04593,Customer 4593,Corporate,Central
CUST04594,Customer 4594,Consumer,East
CUST04595,Customer 4595,Consumer,South
CUST04596,Customer 4596,SMB,South
CUST04597,Customer 4597,Consumer,North
CUST04598,Customer 4598,Consumer,South
CUST04599,Customer 4599,Consumer,West
CUST04600,Customer 4600,Consumer,East
CUST04601,Customer 4601,Corporate,East
CUST04602,Customer 4602,SMB,North
CUST04603,Customer 4603,SMB,West
CUST04604,Customer 4604,Corporate,South
CUST04605,Customer 4605,Corporate,North
CUST04606,Customer 4606,Consumer,Central
CUST04607,Customer 4607,SMB,East
CUST04608,Customer 4608,Consumer,East
CUST04609,Customer 4609,Consumer,Central
CUST04610,Customer 4610,SMB,South
CUST04611,Customer 4611,SMB,Central
CUST04612,Customer 4612,Consumer,West
CUST04613,Customer 4613,Corporate,East
CUST04614,Customer 4614,Consumer,South
CUST04615,Customer 4615,Consumer,North
CUST04616,Customer 4616,Consumer,South
CUST04617,Customer 4617,Consumer,North
CUST04618,Customer 4618,Consumer,North
CUST04619,Customer 4619,Consumer,East
CUST04620,Customer 4620,Consumer,West
CUST04621,Customer 4621,Consumer,North
CUST04622,Customer 4622,SMB,West
CUST04623,Customer 4623,Corporate,Central
CUST04624,Customer 4624,SMB,West
CUST04625,Customer 4625,Consumer,West
CUST04626,Customer 4626,Corporate,West
CUST04627,Customer 4627,SMB,South
CUST04628,Customer 4628,Consumer,South
CUST04629,Customer 4629,Consumer,Central
CUST04630,Customer 4630,Consumer,East
CUST04631,Customer 4631,Consumer,West
CUST04632,Customer 4632,Consumer,Central
CUST04633,Customer 4633,Consumer,South
CUST04634,Customer 4634,Consumer,South
CUST04635,Customer 4635,Corporate,East
CUST04636,Customer 4636,Consumer,North
CUST04637,Customer 4637,Consumer,East
CUST04638,Customer 4638,Corporate,West
CUST04639,Customer 4639,Consumer,East
CUST04640,Customer 4640,Consumer,South
CUST04641,Customer 4641,Consumer,West
CUST04642,Customer 4642,Consumer,North
CUST04643,Customer 4643,Consumer,Central
CUST04644,Customer 4644,Consumer,North
CUST04645,Customer 4645,Consumer,West
CUST04646,Customer 4646,SMB,South
CUST04647,Customer 4647,SMB,South
CUST04648,Customer 4648,Consumer,East
CUST04649,Customer 4649,Consumer,South
CUST04650,Customer 4650,Consumer,South
CUST04651,Customer 4651,SMB,West
CUST04652,Customer 4652,SMB,West
CUST04653,Customer 4653,Consumer,North
CUST04654,Customer 4654,Consumer,East
CUST04655,Customer 4655,Consumer,West
CUST04656,Customer 4656,SMB,West
CUST04657,Customer 4657,SMB,South
CUST04658,Customer 4658,Consumer,North
CUST04659,Customer 4659,Corporate,Central
CUST04660,Customer 4660,Consumer,South
CUST04661,Customer 4661,Corporate,South
CUST04662,Customer 4662,SMB,West
CUST04663,Customer 4663,Consumer,South
CUST04664,Customer 4664,Consumer,West
CUST04665,Customer 4665,Corporate,North
CUST04666,Customer 4666,Consumer,West
CUST04667,Customer 4667,SMB,Central
CUST04668,Customer 4668,Consumer,Central
CUST04669,Customer 4669,SMB,Central
CUST04670,Customer 4670,Consumer,West
CUST04671,Customer 4671,Consumer,South
CUST04672,Customer 4672,Consumer,Central
CUST04673,Customer 4673,Consumer,Central
CUST04674,Customer 4674,Consumer,East
CUST04675,Customer 4675,Corporate,South
CUST04676,Customer 4676,Consumer,North
CUST04677,Customer 4677,Consumer,East
CUST04678,Customer 4678,Consumer,West
CUST04679,Customer 4679,Consumer,South
CUST04680,Customer 4680,SMB,South
CUST04681,Customer 4681,SMB,East
CUST04682,Customer 4682,Consumer,North
CUST04683,Customer 4683,Corporate,Central
CUST04684,Customer 4684,Corporate,South
CUST04685,Customer 4685,SMB,North
CUST04686,Customer 4686,Consumer,North
CUST04687,Customer 4687,Consumer,West
CUST04688,Customer 4688,Consumer,West
CUST04689,Customer 4689,SMB,North
CUST04690,Customer 4690,Corporate,North
CUST04691,Customer 4691,Consumer,South
CUST04692,Customer 4692,Consumer,North
CUST04693,Customer 4693,Corporate,West
CUST04694,Customer 4694,SMB,North
CUST04695,Customer 4695,Consumer,East
CUST04696,Customer 4696,Corporate,South
CUST04697,Customer 4697,Consumer,South
CUST04698,Customer 4698,Consumer,South
CUST04699,Customer 4699,Consumer,North
CUST04700,Customer 4700,Corporate,South
CUST04701,Customer 4701,SMB,North
CUST04702,Customer 4702,Consumer,North
CUST04703,Customer 4703,Consumer,Central
CUST04704,Customer 4704,Consumer,South
CUST04705,Customer 4705,Consumer,South
CUST04706,Customer 4706,Consumer,North
CUST04707,Customer 4707,Consumer,West
CUST04708,Customer 4708,Consumer,Central
CUST04709,Customer 4709,Consumer,West
CUST04710,Customer 4710,Consumer,East
CUST04711,Customer 4711,Corporate,West
CUST04712,Customer 4712,Consumer,South
CUST04713,Customer 4713,Corporate,West
CUST04714,Customer 4714,SMB,West
CUST04715,Customer 4715,Corporate,North
CUST04716,Customer 4716,Consumer,South
CUST04717,Customer 4717,Consumer,South
CUST04718,Customer 4718,Corporate,North
CUST04719,Customer 4719,Consumer,West
CUST04720,Customer 4720,Consumer,North
CUST04721,Customer 4721,Consumer,West
CUST04722,Customer 4722,Consumer,Central
CUST04723,Customer 4723,Consumer,South
CUST04724,Customer 4724,Corporate,South
CUST04725,Customer 4725,Consumer,East
CUST04726,Customer 4726,Consumer,West
CUST04727,Customer 4727,SMB,South
CUST04728,Customer 4728,Consumer,South
CUST04729,Customer 4729,Corporate,East
CUST04730,Customer 4730,Consumer,Central
CUST04731,Customer 4731,Consumer,South
CUST04732,Customer 4732,SMB,South
CUST04733,Customer 4733,Consumer,Central
CUST04734,Customer 4734,Consumer,North
CUST04735,Customer 4735,SMB,North
CUST04736,Customer 4736,Corporate,East
CUST04737,Customer 4737,Corporate,North
CUST04738,Customer 4738,Consumer,North
CUST04739,Customer 4739,Consumer,East
CUST04740,Customer 4740,Corporate,East
CUST04741,Customer 4741,Consumer,East
CUST04742,Customer 4742,Consumer,South
CUST04743,Customer 4743,Corporate,East
CUST04744,Customer 4744,Consumer,East
CUST04745,Customer 4745,Consumer,West
CUST04746,Customer 4746,Consumer,West
CUST04747,Customer 4747,Consumer,East
CUST04748,Customer 4748,Corporate,Central
CUST04749,Customer 4749,SMB,West
CUST04750,Customer 4750,Consumer,North
CUST04751,Customer 4751,Consumer,Central
CUST04752,Customer 4752,Consumer,Central
CUST04753,Customer 4753,Consumer,South
CUST04754,Customer 4754,Consumer,North
CUST04755,Customer 4755,SMB,East
CUST04756,Customer 4756,Consumer,South
CUST04757,Customer 4757,Consumer,West
CUST04758,Customer 4758,SMB,East
CUST04759,Customer 4759,Consumer,North
CUST04760,Customer 4760,SMB,South
CUST04761,Customer 4761,Consumer,Central
CUST04762,Customer 4762,Consumer,North
CUST04763,Customer 4763,SMB,West
CUST04764,Customer 4764,Consumer,South
CUST04765,Customer 4765,Consumer,South
CUST04766,Customer 4766,Consumer,East
CUST04767,Customer 4767,Corporate,South
CUST04768,Customer 4768,Corporate,East
CUST04769,Customer 4769,Consumer,West
CUST04770,Customer 4770,Corporate,North
CUST04771,Customer 4771,Corporate,South
CUST04772,Customer 4772,Consumer,West
CUST04773,Customer 4773,Consumer,West
CUST04774,Customer 4774,Consumer,East
CUST04775,Customer 4775,Consumer,West
CUST04776,Customer 4776,Consumer,North
CUST04777,Customer 4777,Consumer,North
CUST04778,Customer 4778,Consumer,East
CUST04779,Customer 4779,Consumer,West
CUST04780,Customer 4780,Corporate,West
CUST04781,Customer 4781,Consumer,North
CUST04782,Customer 4782,SMB,East
CUST04783,Customer 4783,SMB,East
CUST04784,Customer 4784,Corporate,South
CUST04785,Customer 4785,SMB,East
CUST04786,Customer 4786,SMB,East
CUST04787,Customer 4787,Consumer,South
CUST04788,Customer 4788,Corporate,South
CUST04789,Customer 4789,Consumer,South
CUST04790,Customer 4790,Corporate,Central
CUST04791,Customer 4791,Consumer,South
CUST04792,Customer 4792,Consumer,North
CUST04793,Customer 4793,Consumer,North
CUST04794,Customer 4794,SMB,North
CUST04795,Customer 4795,Consumer,North
CUST04796,Customer 4796,Consumer,East
CUST04797,Customer 4797,Consumer,North
CUST04798,Customer 4798,Consumer,South
CUST04799,Customer 4799,SMB,North
CUST04800,Customer 4800,Corporate,South
CUST04801,Customer 4801,Consumer,North
CUST04802,Customer 4802,Consumer,East
CUST04803,Customer 4803,Consumer,West
CUST04804,Customer 4804,Consumer,West
CUST04805,Customer 4805,SMB,South
CUST04806,Customer 4806,Corporate,West
CUST04807,Customer 4807,Consumer,West
CUST04808,Customer 4808,Corporate,North
CUST04809,Customer 4809,Consumer,South
CUST04810,Customer 4810,Corporate,West
CUST04811,Customer 4811,Consumer,South
CUST04812,Customer 4812,Corporate,South
CUST04813,Customer 4813,Consumer,East
CUST04814,Customer 4814,SMB,North
CUST04815,Customer 4815,Consumer,Central
CUST04816,Customer 4816,Consumer,North
CUST04817,Customer 4817,Consumer,North
CUST04818,Customer 4818,Consumer,North
CUST04819,Customer 4819,Consumer,South
CUST04820,Customer 4820,Corporate,Central
CUST04821,Customer 4821,Corporate,West
CUST04822,Customer 4822,Consumer,Central
CUST04823,Customer 4823,Corporate,East
CUST04824,Customer 4824,Corporate,South
CUST04825,Customer 4825,Consumer,South
CUST04826,Customer 4826,Consumer,North
CUST04827,Customer 4827,Consumer,Central
CUST04828,Customer 4828,Consumer,South
CUST04829,Customer 4829,Corporate,South
CUST04830,Customer 4830,SMB,East
CUST04831,Customer 4831,Corporate,West
CUST04832,Customer 4832,Consumer,South
CUST04833,Customer 4833,Corporate,West
CUST04834,Customer 4834,Corporate,West
CUST04835,Customer 4835,Consumer,West
CUST04836,Customer 4836,SMB,North
CUST04837,Customer 4837,Consumer,North
CUST04838,Customer 4838,Consumer,South
CUST04839,Customer 4839,Consumer,West
CUST04840,Customer 4840,Consumer,Central
CUST04841,Customer 4841,SMB,East
CUST04842,Customer 4842,Consumer,South
CUST04843,Customer 4843,Consumer,North
CUST04844,Customer 4844,Consumer,East
CUST04845,Customer 4845,Consumer,South
CUST04846,Customer 4846,Consumer,East
CUST04847,Customer 4847,Consumer,West
CUST04848,Customer 4848,Corporate,South
CUST04849,Customer 4849,Consumer,South
CUST04850,Customer 4850,Corporate,North
CUST04851,Customer 4851,Consumer,South
CUST04852,Customer 4852,Corporate,West
CUST04853,Customer 4853,SMB,South
CUST04854,Customer 4854,Consumer,North
CUST04855,Customer 4855,Consumer,North
CUST04856,Customer 4856,SMB,North
CUST04857,Customer 4857,Consumer,East
CUST04858,Customer 4858,Corporate,East
CUST04859,Customer 4859,Consumer,East
CUST04860,Customer 4860,Consumer,East
CUST04861,Customer 4861,Consumer,North
CUST04862,Customer 4862,SMB,East
CUST04863,Customer 4863,Consumer,North
CUST04864,Customer 4864,Corporate,Central
CUST04865,Customer 4865,Corporate,North
CUST04866,Customer 4866,Consumer,South
CUST04867,Customer 4867,Consumer,North
CUST04868,Customer 4868,Consumer,West
CUST04869,Customer 4869,Consumer,North
CUST04870,Customer 4870,Corporate,Central
CUST04871,Customer 4871,Consumer,North
CUST04872,Customer 4872,Consumer,West
CUST04873,Customer 4873,Corporate,East
CUST04874,Customer 4874,Corporate,South
CUST04875,Customer 4875,Consumer,South
CUST04876,Customer 4876,Corporate,South
CUST04877,Customer 4877,Consumer,West
CUST04878,Customer 4878,Corporate,West
CUST04879,Customer 4879,Consumer,North
CUST04880,Customer 4880,Consumer,South
CUST04881,Customer 4881,Consumer,South
CUST04882,Customer 4882,Corporate,North
CUST04883,Customer 4883,Corporate,East
CUST04884,Customer 4884,Consumer,South
CUST04885,Customer 4885,SMB,South
CUST04886,Customer 4886,SMB,West
CUST04887,Customer 4887,Consumer,West
CUST04888,Customer 4888,Corporate,West
CUST04889,Customer 4889,Consumer,North
CUST04890,Customer 4890,SMB,Central
CUST04891,Customer 4891,Consumer,East
CUST04892,Customer 4892,Consumer,East
CUST04893,Customer 4893,Consumer,North
CUST04894,Customer 4894,Consumer,Central
CUST04895,Customer 4895,Corporate,East
CUST04896,Customer 4896,Consumer,West
CUST04897,Customer 4897,Consumer,East
CUST04898,Customer 4898,Consumer,West
CUST04899,Customer 4899,SMB,West
CUST04900,Customer 4900,Corporate,Central
CUST04901,Customer 4901,Consumer,South
CUST04902,Customer 4902,Consumer,South
CUST04903,Customer 4903,Consumer,West
CUST04904,Customer 4904,SMB,East
CUST04905,Customer 4905,Corporate,East
CUST04906,Customer 4906,Corporate,West
CUST04907,Customer 4907,SMB,East
CUST04908,Customer 4908,Consumer,West
CUST04909,Customer 4909,Corporate,South
CUST04910,Customer 4910,Consumer,West
CUST04911,Customer 4911,Consumer,North
CUST04912,Customer 4912,Consumer,East
CUST04913,Customer 4913,Consumer,Central
CUST04914,Customer 4914,SMB,South
CUST04915,Customer 4915,Consumer,South
CUST04916,Customer 4916,SMB,South
CUST04917,Customer 4917,Corporate,East
CUST04918,Customer 4918,Corporate,South
CUST04919,Customer 4919,SMB,North
CUST04920,Customer 4920,Consumer,Central
CUST04921,Customer 4921,Consumer,South
CUST04922,Customer 4922,Consumer,East
CUST04923,Customer 4923,Consumer,East
CUST04924,Customer 4924,SMB,North
CUST04925,Customer 4925,Consumer,North
CUST04926,Customer 4926,Consumer,Central
CUST04927,Customer 4927,Consumer,East
CUST04928,Customer 4928,Consumer,North
CUST04929,Customer 4929,Corporate,West
CUST04930,Customer 4930,Consumer,East
CUST04931,Customer 4931,Corporate,North
CUST04932,Customer 4932,Corporate,West
CUST04933,Customer 4933,Corporate,South
CUST04934,Customer 4934,Consumer,South
CUST04935,Customer 4935,Corporate,West
CUST04936,Customer 4936,Consumer,South
CUST04937,Customer 4937,Consumer,South
CUST04938,Customer 4938,Corporate,South
CUST04939,Customer 4939,Corporate,West
CUST04940,Customer 4940,Consumer,West
CUST04941,Customer 4941,SMB,Central
CUST04942,Customer 4942,Consumer,South
CUST04943,Customer 4943,Corporate,West
CUST04944,Customer 4944,SMB,East
CUST04945,Customer 4945,Consumer,South
CUST04946,Customer 4946,SMB,North
CUST04947,Customer 4947,Corporate,West
CUST04948,Customer 4948,Corporate,South
CUST04949,Customer 4949,Corporate,East
CUST04950,Customer 4950,Corporate,East
CUST04951,Customer 4951,Consumer,North
CUST04952,Customer 4952,Corporate,Central
CUST04953,Customer 4953,Consumer,West
CUST04954,Customer 4954,SMB,South
CUST04955,Customer 4955,Consumer,West
CUST04956,Customer 4956,Consumer,South
CUST04957,Customer 4957,SMB,West
CUST04958,Customer 4958,Consumer,North
CUST04959,Customer 4959,Consumer,South
CUST04960,Customer 4960,Corporate,South
CUST04961,Customer 4961,Consumer,South
CUST04962,Customer 4962,Consumer,South
CUST04963,Customer 4963,Consumer,North
CUST04964,Customer 4964,Consumer,Central
CUST04965,Customer 4965,Consumer,North
CUST04966,Customer 4966,Consumer,North
CUST04967,Customer 4967,Consumer,South
CUST04968,Customer 4968,Consumer,East
CUST04969,Customer 4969,Consumer,North
CUST04970,Customer 4970,Corporate,East
CUST04971,Customer 4971,Corporate,West
CUST04972,Customer 4972,Consumer,North
CUST04973,Customer 4973,Consumer,Central
CUST04974,Customer 4974,SMB,South
CUST04975,Customer 4975,Corporate,East
CUST04976,Customer 4976,Consumer,North
CUST04977,Customer 4977,Consumer,West
CUST04978,Customer 4978,Consumer,West
CUST04979,Customer 4979,SMB,North
CUST04980,Customer 4980,SMB,North
CUST04981,Customer 4981,SMB,South
CUST04982,Customer 4982,Consumer,North
CUST04983,Customer 4983,Consumer,Central
CUST04984,Customer 4984,Consumer,East
CUST04985,Customer 4985,Consumer,East
CUST04986,Customer 4986,Consumer,Central
CUST04987,Customer 4987,Corporate,West
CUST04988,Customer 4988,Consumer,West
CUST04989,Customer 4989,SMB,South
CUST04990,Customer 4990,Consumer,South
CUST04991,Customer 4991,Consumer,South
CUST04992,Customer 4992,SMB,South
CUST04993,Customer 4993,Corporate,South
CUST04994,Customer 4994,Consumer,North
CUST04995,Customer 4995,Corporate,South
CUST04996,Customer 4996,Consumer,South
CUST04997,Customer 4997,Consumer,South
CUST04998,Customer 4998,Consumer,North
CUST04999,Customer 4999,Consumer,South
CUST05000,Customer 5000,Corporate,South
